fid,municipality,ADM3_PCODE,district,province,ADM2_PCODE,ADM1_EN,ADM1_PCODE,ADM0_EN,ADM0_PCODE,date,validOn,validTo,ADM3_REF,ADM3ALT1EN,Shape_Leng,Shape_Area,AREA_SQKM,rice_area_2023,rice_yield_2023,rice_production_2023,corn_area_2023,corn_yield_2023,corn_production_2023,population,SliSaline,ModSaline,SevSaline,NonSaline,TotalSaline,%SalinORicArea,rice_production_2025,rice_area_2025,rice_yield_2025,corn_area_2025,corn_production_2025,corn_yield_2025,poverty_2018,poverty_2021,poverty_2023,stunting,underweight,obese,wasting,poor_rice_farmers,rice_mechanization_level,poor_corn_farmers,corn_mechanization_level,pest_disease_occurrence,asf_status,rpc_site,soil_fertility,irrigated_area,crva_index_rice,crva_index_corn,sensitivity_rice,sensitivity_corn,sensitivity_coconut,sensitivity_banana,sensitivity_hvc,hazard_index,hazard_typhoon,hazard_flood,hazard_drought,hazard_soil_erosion,hazard_landslide,hazard_swi,hazard_storm_surge,hazard_sea_level_rise,ac_index,ac_economic,ac_natural,ac_human,ac_physical,ac_social,ac_health,ac_anticipatory,ac_institutional
7,Abulug,PH0201501,2nd District,Cagayan,PH02015,Region II (Cagayan Valley),PH02,Philippines (the),PH,09/11/2022,06/11/2023,,,,0.566052709,0.011343079,132.6682036,11255.74,5.990112067,67423.144,2453.95,5.250777318,12885.145,35239,519.34,158.14,137.62,15444.9,815.1,7.24163848845123,58504.58,11312.26,5.17178530196442,3566,13113.5,3.67736960179473,14.8,10.7,8.9,4.55311973,4.55311973,1.222596965,0.590219224,,3.228,,1.381,,,0,,,,,,,,,,,0.30 ,0.90 ,0.02 ,0.03 ,0.00 ,,0.33 ,0.46 ,,0.44 ,0.44 ,0.20 ,0.47 ,0.56 ,,0.57,
88,Aglipay,PH0205701,Quirino,Quirino,PH02057,Region II (Cagayan Valley),PH02,Philippines (the),PH,09/11/2022,06/11/2023,,,,1.125449644,0.023714472,280.3064235,3805.8,4.894961112,18629.243,2898.5,3.863329308,11197.86,29396,,,,,,,15657.42,3870.01,4.04583450688758,13465.7,13465.7,1,11.6,11.6,8.5,2.829426031,2.223120453,3.314470493,0.121261116,,0.6,,0.21,,,0,,,,,,,,,,,0.55 ,1.00 ,0.58 ,0.60 ,0.56 ,,,,,0.34 ,0.01 ,0.45 ,0.24 ,0.28 ,,0.7122,
8,Alcala,PH0201502,1st District,Cagayan,PH02015,Region II (Cagayan Valley),PH02,Philippines (the),PH,09/11/2022,06/11/2023,,,,0.61851046,0.01539354,180.5209585,8279.68,5.946082035,49231.6565,8318.24,4.536340019,37734.365,40587,,,,,,,43236.2,7939.44,5.44574932237034,8214.1,37334.7,4.54519667401176,14.7,12.6,9.9,5.333911535,1.951431049,4.249783174,1.17085863,,3.675,,1.01,,,0,,,,,,,,,,,0.79 ,0.50 ,0.18 ,0.58 ,0.51 ,,0.00 ,0.05 ,,0.42 ,0.38 ,0.14 ,0.57 ,0.51 ,,0.77,
87,Alfonso Castaneda,PH0205015,Nueva Vizcaya,Nueva Vizcaya,PH02050,Region II (Cagayan Valley),PH02,Philippines (the),PH,09/11/2022,06/11/2023,,,,0.837455084,0.039379955,466.6329704,,,,,,,8589,,,,,,,1698,483,3.51552795031056,,,,22.9,15.1,10.8,8.333333333,3.409090909,1.325757576,1.325757576,,3.413,,1.946,,,0,,,,,,,,,,,0.61 ,0.04 ,0.28 ,0.90 ,0.96 ,,,,,,1.00 ,,0.79 ,0.22 ,,0.6766,
36,Alicia,PH0203101,3rd District,Isabela,PH02031,Region II (Cagayan Valley),PH02,Philippines (the),PH,09/11/2022,06/11/2023,,,,0.539769697,0.013430407,158.4248606,20292,6.579239434,133505.9266,171.3,4.75,813.675,81119,,,,,,,130684.5,20295.72,6.43901768451674,47.9,214.5,4.47807933194154,12.6,14.1,11.5,8.793180799,4.89008524,5.966801256,4.239569314,,4.3,,4.53,,,0,,,,,,,,,,,0.15 ,0.05 ,0.00 ,0.01 ,0.32 ,0.00 ,0.00 ,0.00 ,,0.54 ,0.99 ,0.06 ,0.54 ,,,,0.551282
9,Allacapan,PH0201503,2nd District,Cagayan,PH02015,Region II (Cagayan Valley),PH02,Philippines (the),PH,09/11/2022,06/11/2023,,,,0.673260558,0.01969902,230.6476089,18051.934,5.856013998,105712.3782,301.95,4.976817354,1502.75,36444,,,,30680,,,96705.21,18359.02,5.267449461,1878.6,6437.1,3.42654104120089,11.5,13.3,10.7,6.322084579,2.520290474,2.477573686,2.178556173,,3.226,,0.779,,,0,,,,,,,,,,,0.52 ,0.40 ,0.24 ,0.19 ,0.55 ,,0.00 ,0.11 ,,0.40 ,0.86 ,0.19 ,0.23 ,0.00 ,,0,
73,Ambaguio,PH0205001,Nueva Vizcaya,Nueva Vizcaya,PH02050,Region II (Cagayan Valley),PH02,Philippines (the),PH,09/11/2022,06/11/2023,,,,0.565535916,0.015024268,177.4709597,832,4.106736779,3416.805,2.9,8.26,23.954,18022,,,,,,,3566.85,833,4.28193277310924,,,,53.5,20,13.1,11.35213304,3.904555315,0,0,,2.902,,1.585,,,0,,,,,,,,,,,0.06 ,0.03 ,0.00 ,0.85 ,1.00 ,,,,,,0.14 ,0.26 ,0.46 ,1.00 ,,0.6882,
10,Amulung,PH0201504,3rd District,Cagayan,PH02015,Region II (Cagayan Valley),PH02,Philippines (the),PH,09/11/2022,06/11/2023,,,,0.964857677,0.02450947,287.5873465,12561.23,6.043321474,75911.551,15779,4.184872616,66033.105,51889,,,,,,,59351.59,10513,5.64554266146675,14253.1,63189.3,4.43337238916446,15.5,15.5,12.1,1.339869281,0.816993464,0.522875817,0.163398693,,4.82,,2.377,,,0,,,,,,,,,,,0.76 ,0.70 ,0.21 ,0.53 ,0.35 ,,0.00 ,0.01 ,,0.68 ,0.72 ,0.18 ,0.32 ,0.84 ,,1,
37,Angadanan,PH0203102,3rd District,Isabela,PH02031,Region II (Cagayan Valley),PH02,Philippines (the),PH,09/11/2022,06/11/2023,,,,0.732198552,0.01649397,194.5979149,7932.96,5.137190809,40753.1292,11663.14,6.029213576,70319.56203,46693,,,,,,,30877.02,7440.41,4.14990840558518,11571.7,56542.3,4.88625698903359,14.3,15.6,15.2,4.9370444,1.954937044,2.087475149,0.563286945,,3.45,,0.64,,,0,,,,,,,,,,,0.22 ,0.39 ,0.12 ,0.54 ,0.38 ,0.00 ,0.00 ,0.00 ,,0.49 ,0.55 ,0.03 ,0.11 ,,,,0.217949
11,Aparri,PH0201505,1st District,Cagayan,PH02015,Region II (Cagayan Valley),PH02,Philippines (the),PH,09/11/2022,06/11/2023,,,,1.381051937,0.022357044,261.2713032,15999.36,5.851316565,93617.3202,139,4.604316547,640,72377,4191.4,6198.43,51.37,18222.8,10441.2,65.2601104044162,73424.63,14612.34,5.02483722661805,1389.9,4232.9,3.04547089718685,13.3,14.4,10.5,0.351880361,0.17594018,0.08797009,0.08797009,,3.518,,0.677,,,0,,,,,,,,,,,0.34 ,0.90 ,0.25 ,0.00 ,0.12 ,,1.00 ,1.00 ,,0.36 ,0.34 ,0.15 ,0.63 ,0.75 ,,0.6,
74,Aritao,PH0205002,Nueva Vizcaya,Nueva Vizcaya,PH02050,Region II (Cagayan Valley),PH02,Philippines (the),PH,09/11/2022,06/11/2023,,,,0.788199654,0.024681164,291.9898379,6996.8,5.833510805,40815.9084,0,,0,38860,,,,,,,36167.36,6214.6,5.81974061081968,,,,15.8,11.1,7.3,9.532122905,3.177374302,4.155027933,3.107541899,,3.623,,2.048,,,0,,,,,,,,,,,0.71 ,0.21 ,0.38 ,0.91 ,0.85 ,,,,,,0.11 ,0.14 ,0.78 ,0.38 ,,0.8955,
38,Aurora,PH0203103,5th District,Isabela,PH02031,Region II (Cagayan Valley),PH02,Philippines (the),PH,09/11/2022,06/11/2023,,,,0.465979907,0.006344256,74.77159463,4569.84,5.806777349,26536.0434,4846,6.366849773,30853.754,37279,,,,,,,26083.45,4640.87,5.62037936852357,2884.2,13196.2,4.57534151584495,11.2,13.2,10.2,7.005494505,3.205128205,5.54029304,2.014652015,,4.67,,1.25,,,0,,,,,,,,,,,0.12 ,1.00 ,0.04 ,0.00 ,0.00 ,0.00 ,0.00 ,0.00 ,,0.57 ,0.88 ,0.14 ,0.68 ,,,,0.666667
75,Bagabag,PH0205003,Nueva Vizcaya,Nueva Vizcaya,PH02050,Region II (Cagayan Valley),PH02,Philippines (the),PH,09/11/2022,06/11/2023,,,,0.597356882,0.012433885,146.8327563,9021,4.753263718,42879.192,3608.48,3.819724649,13783.4,36836,,,,,,,35667.4,7391.32,4.82557919289112,3579,23590.2,6.59128248113998,8.7,11.1,5.9,1.876172608,0.938086304,0.787992495,0.262664165,,3.89,,2.31,,,1,,,,,,,,,,,0.29 ,0.58 ,0.99 ,0.60 ,0.42 ,,,,,,,0.08 ,0.85 ,0.01 ,,0.8297,
12,Baggao,PH0201506,1st District,Cagayan,PH02015,Region II (Cagayan Valley),PH02,Philippines (the),PH,09/11/2022,06/11/2023,,,,1.476683646,0.0790889,927.4443477,16672.13,5.513984236,91929.862,16726.71,4.723657796,79011.2541,89694,,,,,,,88014.07,16569.66,5.31176077239968,26576.8,134885.3,5.07530251949068,13.5,13.5,10,6.853912736,3.444621092,3.568274157,3.267973856,,3.125,,0.994,,,0,,,,,,,,,,,0.90 ,0.30 ,1.00 ,0.73 ,0.80 ,,0.02 ,0.02 ,,0.60 ,0.82 ,0.35 ,0.26 ,0.41 ,,0.75,
13,Ballesteros,PH0201507,2nd District,Cagayan,PH02015,Region II (Cagayan Valley),PH02,Philippines (the),PH,09/11/2022,06/11/2023,,,,0.483590526,0.011063704,129.4299191,10574.93,5.599914751,59218.7065,0,,0,37439,2950.07,1273.96,875.48,6900.49,5099.51,48.2226359890798,49410.69,9472.08,5.21645615324195,,,,13,9.7,7.2,4.727733221,2.406078514,0.886449979,0.970873786,,4.259,,0,,,0,,,,,,,,,,,0.33 ,0.70 ,0.05 ,0.15 ,0.08 ,,0.18 ,0.32 ,,0.15 ,0.16 ,0.16 ,0.69 ,0.72 ,,0.69,
76,Bambang,PH0205004,Nueva Vizcaya,Nueva Vizcaya,PH02050,Region II (Cagayan Valley),PH02,Philippines (the),PH,09/11/2022,06/11/2023,,,,0.650671676,0.019439361,229.8029095,8420,5.96691234,50241.4019,932,4.642639485,4326.94,62105,,,,,,,46777.23,7906,5.91667467746016,990,6617.3,6.68414141414141,8.2,7.7,5.1,6.751370204,3.039362232,4.559043348,2.815146986,,3.574,,2.396,,,1,,,,,,,,,,,0.73 ,0.43 ,0.80 ,0.79 ,0.62 ,,,,,,0.11 ,1.00 ,0.68 ,0.04 ,,0.4219,
1,Basco (Capital),PH0200901,Batanes,Batanes,PH02009,Region II (Cagayan Valley),PH02,Philippines (the),PH,09/11/2022,06/11/2023,,,,0.337859398,0.002899488,33.4936102,,,,,,,9610,,,,,,,0.39,0.2,1.95,6.8,8.1,1.19117647058824,7,4.4,4,4.605263158,2.796052632,4.276315789,1.973684211,,,,,,,0,,,,,,,,,,,1.00 ,0.01 ,null,0.80 ,0.77 ,,0.12 ,0.35 ,,1.00 ,0.36 ,0.01 ,0.00 ,0.58 ,,0.9204,
77,Bayombong (Capital),PH0205005,Nueva Vizcaya,Nueva Vizcaya,PH02050,Region II (Cagayan Valley),PH02,Philippines (the),PH,09/11/2022,06/11/2023,,,,0.486307621,0.01206178,142.5260345,6365.3,4.793376589,30511.28,1101.35,2.454280656,2703.022,66765,,,,,,,25934.58,5596.54,4.63403817358582,746.4,4153.2,5.56430868167203,6.8,6.2,4.7,4.525862069,2.23354232,2.370689655,1.704545455,,3.42,,3.832,,,0,,,,,,,,,,,0.34 ,0.45 ,0.44 ,0.64 ,0.46 ,,,,,,0.04 ,0.72 ,0.92 ,0.53 ,,0.9147,
39,Benito Soliven,PH0203104,2nd District,Isabela,PH02031,Region II (Cagayan Valley),PH02,Philippines (the),PH,09/11/2022,06/11/2023,,,,0.76576912,0.014991498,176.7597346,3996,4.497366366,17971.476,13205,3.891412344,51386.1,32618,,,,,,,17556.82,4044,4.3414490603363,14270.5,80927.8,5.67098559966364,19.7,20.5,12.6,8.235294118,4.803921569,5.980392157,4.607843137,,4.01,,2.305,,,0,,,,,,,,,,,0.33 ,0.11 ,0.15 ,1.00 ,0.69 ,0.00 ,0.00 ,0.00 ,,0.11 ,0.73 ,0.00 ,0.00 ,,,,0
14,Buguey,PH0201508,1st District,Cagayan,PH02015,Region II (Cagayan Valley),PH02,Philippines (the),PH,09/11/2022,06/11/2023,,,,0.645585276,0.011005534,128.8278914,11628.616,5.99150997,69672.9687,1107,4.330948509,4794.36,32764,3559.2,2267.89,335.22,10287.69,6162.31,52.9926347211052,55878.4,9650.36,5.79029176113637,1374.1,5664.3,4.12218906920894,15.3,11.8,9.3,2.837902838,1.683501684,0.240500241,0.577200577,,2.777,,1.45,,,0,,,,,,,,,,,0.51 ,0.70 ,0.04 ,0.14 ,0.10 ,,0.44 ,0.51 ,,0.24 ,0.94 ,0.41 ,0.22 ,0.86 ,,0.63,
40,Burgos,PH0203105,5th District,Isabela,PH02031,Region II (Cagayan Valley),PH02,Philippines (the),PH,09/11/2022,06/11/2023,,,,0.40631962,0.006559631,77.27786584,9093.2,5.610057076,51013.371,2140.7,5.202591816,11137.1883,25192,,,,,,,55859.26,9998.19,5.58693723563965,1508.6,6595.7,4.37206681691635,18.2,14,16.4,6.302521008,3.291316527,6.722689076,2.801120448,,9.65,,1.677,,,0,,,,,,,,,,,0.20 ,0.41 ,0.01 ,0.03 ,0.18 ,0.00 ,0.00 ,0.00 ,,0.54 ,0.97 ,0.10 ,0.18 ,,,,0.551282
41,Cabagan,PH0203106,1st District,Isabela,PH02031,Region II (Cagayan Valley),PH02,Philippines (the),PH,09/11/2022,06/11/2023,,,,1.313291368,0.02616605,307.7320333,3743.16,4.646603164,17392.9791,9684.49,4.920479757,47652.337,56282,,,,,,,9689.39,1842.2,5.25968407339051,10297.6,51368,4.9883467992542,14.7,16.4,15,3.615627275,1.989808299,3.68842514,1.601553021,,4.78,,3.479,,,0,,,,,,,,,,,0.64 ,0.17 ,0.11 ,0.57 ,0.56 ,0.00 ,0.00 ,0.00 ,,0.46 ,0.68 ,0.20 ,0.63 ,,,,0.782051
89,Cabarroguis (Capital),PH0205702,Quirino,Quirino,PH02057,Region II (Cagayan Valley),PH02,Philippines (the),PH,09/11/2022,06/11/2023,,,,0.722392757,0.015999039,189.0828461,2746.42,5.229284086,14361.8104,1837.5,2.797681633,5140.74,31406,,,,,,,17248.15,3580.06,4.81783824852098,14777.2,14777.2,1,9.3,7.4,7,5.590062112,2.449965493,0.793650794,0.345065562,,0.56,,0.4,,,0,,,,,,,,,,,0.19 ,0.32 ,0.74 ,0.62 ,0.76 ,,,,,1.00 ,0.01 ,1.00 ,0.28 ,0.00 ,,0.6321,
42,Cabatuan,PH0203107,3rd District,Isabela,PH02031,Region II (Cagayan Valley),PH02,Philippines (the),PH,09/11/2022,06/11/2023,,,,0.322827225,0.005422671,63.92629045,10522.56,6.541650701,68834.912,1219.67,6.231906991,7600.87,41781,,,,,,,57100.35,10611.56,5.38095718254432,1119,4461.8,3.98731009830206,11,11.1,9.7,9.306056959,6.899318091,5.655836342,2.888086643,,4.02,,2.99,,,0,,,,,,,,,,,0.14 ,0.38 ,0.04 ,0.00 ,0.22 ,0.00 ,0.00 ,0.00 ,,0.62 ,0.53 ,0.33 ,0.34 ,,,,0.551282
15,Calayan,PH0201509,2nd District,Cagayan,PH02015,Region II (Cagayan Valley),PH02,Philippines (the),PH,09/11/2022,06/11/2023,,,,2.562273928,0.043181014,502.7155791,2016.362,4.646120587,9368.261,328,3.52847561,1157.34,17470,,,,,,,6590.35,1519.45,4.33732600612064,612.2,2108.8,3.44462593923554,42.2,22.6,9.9,4.651162791,4.293381038,1.162790698,1.699463327,,2.817,,2.546,,,0,,,,,,,,,,,0.60 ,0.00 ,0.25 ,1.00 ,0.80 ,,0.05 ,0.04 ,,0.00 ,0.05 ,0.00 ,0.34 ,0.83 ,,0.58,
16,Camalaniugan,PH0201510,1st District,Cagayan,PH02015,Region II (Cagayan Valley),PH02,Philippines (the),PH,09/11/2022,06/11/2023,,,,0.453917227,0.007621663,89.2038413,7983.21,6.237670827,49796.63612,301.87,5.120522079,1545.732,27212,1587.44,23.08,,6039.49,1610.52,20.17,46210.93,8050.71,5.73998193948111,462.3,1365.7,2.95414233181917,13.5,10,8.5,0,0.257400257,2.123552124,0.707850708,,2.89,,1.98,,,0,,,,,,,,,,,0.63 ,1.00 ,0.00 ,0.14 ,0.08 ,,0.31 ,0.46 ,,0.30 ,0.37 ,0.39 ,0.37 ,0.70 ,,0.31,
43,City of Cauayan,PH0203108,6th District,Isabela,PH02031,Region II (Cagayan Valley),PH02,Philippines (the),PH,09/11/2022,06/11/2023,,,,1.109881186,0.028551493,336.6830954,20849.62,6.290433685,131153.152,22685.4,6.483931956,147090.59,137711,,,,,,,128247.06,20980,6.11282459485224,23074.6,129783.6,5.62452220190166,12.6,14.4,11.7,,,,,,4.175,,0.416,,,0,,,,,,,,,,,0.22 ,0.27 ,0.21 ,0.50 ,0.40 ,0.00 ,0.00 ,0.00 ,,0.51 ,0.78 ,0.62 ,0.86 ,,,,0.782051
70,City of Santiago,PH0203135,4th District,Isabela,PH02031,Region II (Cagayan Valley),PH02,Philippines (the),PH,09/11/2022,06/11/2023,,,,0.648320736,0.012861181,151.8165393,16328,5.916581651,96605.9452,220.6,5.13961922,1133.8,139904,,,,,,,95157.79,16343.53,5.82235233147307,616.9,3326.3,5.39195979899498,12.3,12.8,9.7,,,,,,4.319,,,,,0,,,,,,,,,,,0.24 ,0.19 ,0.11 ,0.20 ,0.27 ,0.00 ,0.00 ,0.00 ,,0.76 ,0.59 ,0.41 ,0.53 ,,,,0.551282
17,Claveria,PH0201511,2nd District,Cagayan,PH02015,Region II (Cagayan Valley),PH02,Philippines (the),PH,09/11/2022,06/11/2023,,,,0.595722276,0.011036091,128.943013,7226.64,5.813620853,42012.945,0,,0,31030,1584.2,897.86,,16997.94,2482.06,34.35,26283.98,6044.3,4.34855649123968,,,,11.1,6.5,5.6,0.954979536,0.68212824,1.02319236,0.409276944,,4.124,,0,,,0,,,,,,,,,,,0.12 ,0.50 ,0.12 ,0.56 ,0.44 ,,0.05 ,0.13 ,,0.73 ,0.39 ,0.37 ,0.74 ,0.88 ,,0.89,
44,Cordon,PH0203109,4th District,Isabela,PH02031,Region II (Cagayan Valley),PH02,Philippines (the),PH,09/11/2022,06/11/2023,,,,0.771092001,0.019025418,224.5290979,9274.51,5.575273475,51707.9296,6030.14,3.552803086,21423.9,45081,,,,,,,53108.92,9699.2,5.47559798746288,6125.5,20775,3.39155987266346,18.9,13.6,13,8.211224772,4.423555433,4.423555433,3.096488803,,4.103,,2.636,,,0,,,,,,,,,,,0.03 ,0.11 ,0.19 ,0.91 ,0.57 ,0.00 ,0.00 ,0.00 ,,0.49 ,0.76 ,0.13 ,0.47 ,,,,0.551282
53,Delfin Albano (Magsaysay),PH0203118,1st District,Isabela,PH02031,Region II (Cagayan Valley),PH02,Philippines (the),PH,09/11/2022,06/11/2023,,,Magsaysay,0.575646182,0.015116513,177.8917848,11433.65,5.351761686,61190.17,2710,5.952866215,16132.26744,27821,,,,,,,68215.73,11776.45,5.79255463233827,2717,15505.1,5.7066985645933,17,11.9,10.9,8.377270064,4.569420035,5.565319274,1.523140012,,4.559,,2.019,,,1,,,,,,,,,,,0.32 ,0.16 ,0.04 ,0.40 ,0.30 ,0.00 ,0.00 ,0.00 ,,0.49 ,0.54 ,0.09 ,0.24 ,,,,0.551282
78,Diadi,PH0205006,Nueva Vizcaya,Nueva Vizcaya,PH02050,Region II (Cagayan Valley),PH02,Philippines (the),PH,09/11/2022,06/11/2023,,,,0.733281865,0.017843314,210.6662658,481.67,4.63401499,2232.066,4544.2,4.050376744,18405.722,20449,,,,,,,1674.24,501.4,3.33913043478261,4434.1,21018.5,4.74019530457139,14.3,13,8.5,1.188118812,2.244224422,0.462046205,0.396039604,,4.205,,1.989,,,0,,,,,,,,,,,0.66 ,0.01 ,1.00 ,0.83 ,0.76 ,,,,,,0.00 ,0.33 ,,0.00 ,,0.5949,
90,Diffun,PH0205703,Quirino,Quirino,PH02057,Region II (Cagayan Valley),PH02,Philippines (the),PH,09/11/2022,06/11/2023,,,,0.805358635,0.024370345,287.861037,7126.86,4.888910909,34842.5836,3825,5.025631373,19223.04,57419,,,,,,,35396.24,7266.26,4.87131481670075,46449.1,46449.1,1,10.6,10.1,9,0.702662722,0.221893491,0.036982249,0.018491124,,0.61,,0.26,,,1,,,,,,,,,,,0.00 ,0.04 ,0.93 ,0.76 ,0.62 ,,,,,0.32 ,0.00 ,0.17 ,0.44 ,0.92 ,,0.5101,
45,Dinapigue,PH0203110,4th District,Isabela,PH02031,Region II (Cagayan Valley),PH02,Philippines (the),PH,09/11/2022,06/11/2023,,,,1.555149875,0.080743849,953.0752208,375.85,4.614340827,1734.3,39.5,6.29,248.455,5173,,,,,,,1584.43,384.25,4.12343526350033,,,,44.8,18.9,19.6,13.63636364,4.848484848,3.484848485,1.666666667,,3.55,,1.218,,,1,,,,,,,,,,,0.75 ,0.02 ,0.26 ,0.94 ,1.00 ,0.00 ,0.19 ,0.13 ,,0.35 ,0.86 ,0.19 ,0.06 ,,,,0
46,Divilacan,PH0203111,1st District,Isabela,PH02031,Region II (Cagayan Valley),PH02,Philippines (the),PH,09/11/2022,06/11/2023,,,,1.441068986,0.044907592,528.5514346,1255.21,4.664996933,5855.5508,,,,6667,,,,,,,3642.97,937.08,3.88757630084945,,,,47.6,24.6,17.2,31.69934641,14.05228758,11.11111111,5.22875817,,4.012,,2.265,,,0,,,,,,,,,,,0.92 ,0.06 ,0.43 ,0.83 ,0.66 ,0.00 ,1.00 ,1.00 ,,0.05 ,0.47 ,0.29 ,0.01 ,,,,0.333333
79,Dupax del Norte,PH0205007,Nueva Vizcaya,Nueva Vizcaya,PH02050,Region II (Cagayan Valley),PH02,Philippines (the),PH,09/11/2022,06/11/2023,,,,1.168909758,0.025191699,298.0772812,5199.8,4.881769645,25384.2258,96.75,4.865891473,470.775,29837,,,,,,,25194.46,5204.8,4.84062019674147,168.4,732.4,4.34916864608076,14.2,10,9.1,,,,,,3.701,,2.763,,,0,,,,,,,,,,,1.00 ,0.16 ,0.31 ,1.00 ,0.83 ,,,,,,0.25 ,0.35 ,0.94 ,0.04 ,,0.9159,
80,Dupax del Sur,PH0205008,Nueva Vizcaya,Nueva Vizcaya,PH02050,Region II (Cagayan Valley),PH02,Philippines (the),PH,09/11/2022,06/11/2023,,,,1.197624982,0.034829139,412.2870561,3559.4,5.694977159,20270.7017,0,,0,20216,,,,,,,15714.04,3102.7,5.06463402842685,19.4,74.7,3.85051546391753,16,11,7.8,,,,,,3.31,,2.123,,,1,,,,,,,,,,,0.76 ,0.08 ,0.18 ,1.00 ,0.94 ,,,,,,0.48 ,0.02 ,0.16 ,0.23 ,,0.8665,
47,Echague,PH0203112,6th District,Isabela,PH02031,Region II (Cagayan Valley),PH02,Philippines (the),PH,09/11/2022,06/11/2023,,,,1.333392501,0.037594555,443.8562636,12665.53,4.355598621,55165.965,20609.47,4.890200961,100784.45,84136,,,,,,,57999.75,13114,4.42273524477657,16175.4,71208.7,4.40228371477676,15,13.4,11.4,6.43207856,4.337152209,2.651391162,2.487725041,,4.46,,2,,,0,,,,,,,,,,,0.47 ,0.10 ,0.33 ,0.68 ,0.60 ,0.00 ,0.00 ,0.00 ,,0.51 ,0.38 ,0.12 ,0.48 ,,,,0.551282
18,Enrile,PH0201512,3rd District,Cagayan,PH02015,Region II (Cagayan Valley),PH02,Philippines (the),PH,09/11/2022,06/11/2023,,,,0.567302828,0.012975199,152.4656818,7880.286,5.475167361,43145.8847,3323,4.785434848,15902,40885,,,,,,,34608.68,7099.4,4.87487393300842,3792,15819.2,4.17172995780591,10.2,11.1,9.7,3.611836379,2.132288947,2.001740644,0.348128808,,5.12,,3,,,0,,,,,,,,,,,0.69 ,0.50 ,0.06 ,0.42 ,0.44 ,,0.00 ,0.00 ,,0.15 ,0.50 ,0.38 ,0.35 ,0.19 ,,0.51,
48,Gamu,PH0203113,2nd District,Isabela,PH02031,Region II (Cagayan Valley),PH02,Philippines (the),PH,09/11/2022,06/11/2023,,,,0.512887323,0.008203525,96.63866894,8815.85,5.080646846,44790.2205,2784.6,4.987481146,13888.14,31108,,,,,,,42446.63,8908.17,4.76491018918588,2570.9,13167.1,5.12159166050799,15.3,13.9,12.2,10.15169195,3.383897316,10.32672112,4.200700117,,4.02,,3.03,,,0,,,,,,,,,,,0.31 ,0.30 ,0.00 ,0.34 ,0.25 ,0.00 ,0.00 ,0.00 ,,0.51 ,0.54 ,0.13 ,0.54 ,,,,0.551282
19,Gattaran,PH0201513,1st District,Cagayan,PH02015,Region II (Cagayan Valley),PH02,Philippines (the),PH,09/11/2022,06/11/2023,,,,1.525682432,0.054527041,638.9586539,13957.88,5.335172426,74467.6965,13359.49,4.309047726,57566.68,59423,,,,,,,73578.32,14037.88,5.24141252097895,11282.3,52399.9,4.644434202,16.7,13.6,9.1,7.277121375,3.947368421,2.68528464,1.34264232,,3.11,,0.712,,,0,,,,,,,,,,,0.81 ,0.20 ,0.60 ,0.65 ,0.84 ,,0.01 ,0.07 ,,0.35 ,0.74 ,0.24 ,0.28 ,0.81 ,,0.85,
20,Gonzaga,PH0201514,1st District,Cagayan,PH02015,Region II (Cagayan Valley),PH02,Philippines (the),PH,09/11/2022,06/11/2023,,,,1.155527395,0.045061605,527.4567587,8203.085,5.390514355,44218.84745,2988.5,5.651840388,16890.525,42804,401.28,27.78,,56313.94,429.06,5.23,37677.33,7123.33,5.28928605020405,4139.3,15803.2,3.81784359674341,12.2,10.6,8,5.076142132,2.683103698,1.196519217,0.725163162,,2.487,,1.01,,,0,,,,,,,,,,,1.00 ,0.20 ,0.29 ,0.74 ,0.72 ,,0.16 ,0.09 ,,0.54 ,0.69 ,0.22 ,0.12 ,0.95 ,,0.62,
21,Iguig,PH0201515,3rd District,Cagayan,PH02015,Region II (Cagayan Valley),PH02,Philippines (the),PH,09/11/2022,06/11/2023,,,,0.429086995,0.006660958,78.18551936,3364.944,5.384687293,18119.1712,3539.97,4.087311305,14468.9594,31380,,,,,,,15781.34,3241.64,4.86831973939117,3542.9,16888.2,4.76677298258489,11.1,10.8,9.2,1.286173633,0.911039657,2.19721329,1.39335477,,5.17,,2.627,,,0,,,,,,,,,,,0.80 ,0.30 ,0.06 ,0.42 ,0.61 ,,0.00 ,0.00 ,,0.28 ,0.27 ,0.32 ,0.31 ,0.24 ,,0.52,
49,Ilagan City (Capital),PH0203114,1st District,Isabela,PH02031,Region II (Cagayan Valley),PH02,Philippines (the),PH,09/11/2022,06/11/2023,,,,1.622838882,0.081732178,962.4328997,14040.58,5.037775823,70733.29446,33599,5.201765529,174774.12,158777,,,,,,,69463.47,13176.93,5.27159740546546,32857.5,188567.9,5.73896066347105,13.9,14,12,,,,,,4.494,,2.038,,,0,,,,,,,,,,,0.64 ,0.21 ,0.61 ,0.63 ,0.64 ,0.00 ,0.00 ,0.00 ,,1.00 ,0.95 ,1.00 ,1.00 ,,,,1
2,Itbayat,PH0200902,Batanes,Batanes,PH02009,Region II (Cagayan Valley),PH02,Philippines (the),PH,09/11/2022,06/11/2023,,,,0.982947733,0.007747554,89.31860713,,,,,,,2714,,,,,,,102.08,65.34,1.56228956228956,11,23.7,2.15454545454545,30.9,12,8,4.444444444,1.111111111,3.888888889,0.555555556,,,,,,,0,,,,,,,,,,,1.00 ,0.05 ,,1.00 ,0.00 ,,0.00 ,1.00 ,,0.28 ,0.12 ,0.01 ,0.08 ,0.34 ,,0.9317,
3,Ivana,PH0200903,Batanes,Batanes,PH02009,Region II (Cagayan Valley),PH02,Philippines (the),PH,09/11/2022,06/11/2023,,,,0.192479662,0.001272334,14.70485025,,,,,,,1440,,,,,,,0.02,0.1,0.2,3.8,5.3,1.39473684210526,7,5.7,2.7,2.352941176,0,4.705882353,1.176470588,,,,,,,0,,,,,,,,,,,1.00 ,0.09 ,,0.20 ,0.93 ,,0.30 ,0.04 ,,0.03 ,0.12 ,1.00 ,0.82 ,,,,
50,Jones,PH0203115,4th District,Isabela,PH02031,Region II (Cagayan Valley),PH02,Philippines (the),PH,09/11/2022,06/11/2023,,,,1.164359443,0.039380553,465.1682467,4444.14,4.642711413,20632.8595,14678.5,4.324620329,63478.9395,47375,,,,,,,19386.06,4245.7,4.5660456461832,12511.9,52700.4,4.21202215490853,13.3,12.9,12,1.964998465,1.50445195,2.824685293,1.903592263,,4.08,,2.453,,,0,,,,,,,,,,,0.65 ,0.18 ,0.38 ,0.82 ,0.69 ,0.00 ,0.00 ,0.00 ,,0.57 ,0.28 ,0.14 ,0.35 ,,,,0.551282
81,Kasibu,PH0205009,Nueva Vizcaya,Nueva Vizcaya,PH02050,Region II (Cagayan Valley),PH02,Philippines (the),PH,09/11/2022,06/11/2023,,,,1.034235681,0.05212826,616.4213795,4613.5,4.591958491,21185.0005,156.5,2.907348243,455,44320,,,,,,,20106.36,4776.4,4.20952181559333,273.2,1229.1,4.4989019033675,21.7,19.7,10.6,3.234501348,1.298701299,0.710610145,0.171526587,,3.77,,1.82,,,0,,,,,,,,,,,0.92 ,0.08 ,0.01 ,0.83 ,0.82 ,,,,,,0.30 ,0.42 ,0.93 ,0.99 ,,1,
82,Kayapa,PH0205010,Nueva Vizcaya,Nueva Vizcaya,PH02050,Region II (Cagayan Valley),PH02,Philippines (the),PH,09/11/2022,06/11/2023,,,,1.064924668,0.043779679,517.5139714,1366,4.306383602,5882.52,0,,0,26980,,,,,,,5021,1308.56,3.83704224491044,53,191,3.60377358490566,29.2,20.9,11.5,18.34021091,3.117835855,0.779458964,0.137551582,,3.96,,1.83,,,0,,,,,,,,,,,0.39 ,0.00 ,0.02 ,0.99 ,0.95 ,,,,,,0.52 ,0.10 ,0.64 ,0.07 ,,0.0136,
22,Lal-lo,PH0201516,1st District,Cagayan,PH02015,Region II (Cagayan Valley),PH02,Philippines (the),PH,09/11/2022,06/11/2023,,,,1.706764885,0.054779192,641.5506891,10957.41,5.221212631,57210.9675,5111.12,4.218260499,21560.0356,49226,883.59,,,69396.41,883.59,8.06,53460.13,10686.44,5.0026135925528,7578.5,36667.5,4.83835851421785,13.5,10.5,9.6,5.819753908,1.596275357,1.030927835,0.232790156,,2.834,,0.999,,,0,,,,,,,,,,,0.78 ,0.20 ,0.50 ,0.72 ,0.78 ,,0.01 ,0.17 ,,0.58 ,0.68 ,0.23 ,0.52 ,1.00 ,,0.66,
23,Lasam,PH0201517,2nd District,Cagayan,PH02015,Region II (Cagayan Valley),PH02,Philippines (the),PH,09/11/2022,06/11/2023,,,,0.640135114,0.017662445,206.9644523,13424.23,5.21584914,70018.7585,5655.02,4.032259833,22802.51,42356,,,,,,,67343.9,12519.79,5.37899597357464,4842.6,17179,3.54747449717094,14.3,11.2,10.5,6.216550021,6.175380815,4.569781803,1.523260601,,4.1,,2.47,,,0,,,,,,,,,,,0.65 ,0.80 ,0.27 ,0.34 ,0.18 ,,0.00 ,0.03 ,,0.58 ,0.49 ,0.06 ,0.37 ,0.68 ,,0.67,
51,Luna,PH0203116,5th District,Isabela,PH02031,Region II (Cagayan Valley),PH02,Philippines (the),PH,09/11/2022,06/11/2023,,,,0.282263601,0.003869041,45.60320019,5071.3327,6.359550257,32251.39518,1304.7,6.113430674,7976.193,20826,,,,,,,31196.09,6017.95,5.18384001196421,1101.4,7055.9,6.40630107136372,12.7,10.5,9,7.808340728,4.880212955,7.453416149,3.63797693,,0.64,,0.21,,,0,,,,,,,,,,,0.17 ,0.55 ,0.02 ,0.04 ,0.16 ,0.00 ,0.00 ,0.00 ,,0.59 ,1.00 ,0.14 ,0.49 ,,,,0.551282
52,Maconacon,PH0203117,1st District,Isabela,PH02031,Region II (Cagayan Valley),PH02,Philippines (the),PH,09/11/2022,06/11/2023,,,,1.082704802,0.039481864,464.2226885,911.66,3.46535375,3159.2244,,,,5300,,,,,,,2079.41,625.1,3.32652375619901,,,,39,20.8,16.6,20.16460905,6.172839506,4.526748971,3.29218107,,4.039,,2.327,,,0,,,,,,,,,,,0.93 ,0.03 ,0.17 ,0.67 ,0.88 ,0.00 ,0.52 ,0.39 ,,0.30 ,0.00 ,0.12 ,0.06 ,,,,0.333333
91,Maddela,PH0205704,Quirino,Quirino,PH02057,Region II (Cagayan Valley),PH02,Philippines (the),PH,09/11/2022,06/11/2023,,,,1.452321536,0.065176657,770.6225168,4192,3.774494275,15822.68,5934,4.397202562,26093,41848,,,,,,,20984.43,4756.91,4.41135737274828,53206.6,53206.6,1,9.3,8.8,7,4.58961474,2.211055276,1.306532663,0.201005025,,0.45,,0.26,,,0,,,,,,,,,,,1.00 ,0.91 ,1.00 ,0.74 ,0.86 ,,,,,0.20 ,0.49 ,0.15 ,0.51 ,0.03 ,,0,
4,Mahatao,PH0200904,Batanes,Batanes,PH02009,Region II (Cagayan Valley),PH02,Philippines (the),PH,09/11/2022,06/11/2023,,,,0.218340211,0.001000463,11.56081879,,,,,,,1340,,,,,,,2.13,1.14,1.86842105263158,1.7,3.8,2.23529411764706,17.8,7.8,13,10.44776119,1.492537313,8.955223881,0,,,,,,,0,,,,,,,,,,,1.00 ,0.16 ,,0.40 ,0.67 ,,0.06 ,0.18 ,,0.07 ,1.00 ,0.05 ,1.00 ,1.00 ,,1,
54,Mallig,PH0203119,5th District,Isabela,PH02031,Region II (Cagayan Valley),PH02,Philippines (the),PH,09/11/2022,06/11/2023,,,,0.516800655,0.009872686,116.2189966,17383.82,5.750759212,99970.163,1533.4,5.443700274,8347.37,33116,,,,,,,61842.87,12481.06,4.95493732102882,1528.2,10580.4,6.92343934040047,16.3,15.3,15.6,4.652233994,4.42192538,4.560110548,2.533394749,,4.22,,2.49,,,0,,,,,,,,,,,0.05 ,0.22 ,0.08 ,0.21 ,0.27 ,0.00 ,0.00 ,0.00 ,,0.46 ,0.82 ,0.13 ,0.11 ,,,,0.551282
93,Nagtipunan,PH0205706,Quirino,Quirino,PH02057,Region II (Cagayan Valley),PH02,Philippines (the),PH,09/11/2022,06/11/2023,,,,1.647299376,0.100532662,1189.967028,2526.83,4.397720266,11112.2915,8663,7.775075609,67355.48,24278,,,,,,,7511.3,1901.88,3.94940795423476,44406.9,44406.9,1,22.3,16.7,16,7.985553772,2.528089888,1.003210273,0.401284109,,0.56,,0.33,,,0,,,,,,,,,,,0.42 ,0.03 ,0.92 ,1.00 ,1.00 ,,,,,0.00 ,1.00 ,0.00 ,1.00 ,0.38 ,,0.5678,
55,Naguilian,PH0203120,2nd District,Isabela,PH02031,Region II (Cagayan Valley),PH02,Philippines (the),PH,09/11/2022,06/11/2023,,,,0.675066817,0.013852039,163.2611025,7253.22,4.916988593,35664,8841,5.242447687,46348.48,35033,,,,,,,37951.1,7054.22,5.37991443419684,8094.2,41510.5,5.12842529218453,14.2,14.6,13,6.591500434,4.640069384,4.900260191,3.339115351,,4.8,,2.52,,,1,,,,,,,,,,,0.31 ,0.31 ,0.11 ,0.91 ,0.41 ,0.00 ,0.00 ,0.00 ,,0.46 ,0.66 ,0.16 ,0.18 ,,,,0.551282
56,Palanan,PH0203121,2nd District,Isabela,PH02031,Region II (Cagayan Valley),PH02,Philippines (the),PH,09/11/2022,06/11/2023,,,,1.208998002,0.031770207,374.3851743,2428.75,3.716104992,9025.49,164,3.054878049,501,18709,,,,,,,6207.92,1665,3.72848048048048,180,660,3.66666666666667,31.3,29.6,17,20.03561888,6.856634016,6.322350846,5.520926091,,0,,0,,,0,,,,,,,,,,,1.00 ,0.19 ,0.42 ,0.79 ,0.63 ,0.00 ,0.59 ,0.16 ,,0.00 ,0.43 ,0.22 ,0.20 ,,,,0
24,Pamplona,PH0201518,2nd District,Cagayan,PH02015,Region II (Cagayan Valley),PH02,Philippines (the),PH,09/11/2022,06/11/2023,,,,0.646042374,0.018224025,213.0824433,8790.015,5.398598011,47453.7575,1409,5.237402413,7379.5,24470,4356.87,1442.25,30.78,11500.11,5829.9,66.324118900821,31531.89,6545.16,4.8175888748327,616.8,2837.1,4.59970817120623,16.4,12,9.3,5.190538765,3.285151117,3.08804205,2.825229961,,4.62,,2.07,,,0,,,,,,,,,,,0.27 ,0.50 ,0.18 ,0.47 ,0.40 ,,0.27 ,0.45 ,,0.09 ,0.41 ,0.12 ,0.22 ,0.00 ,,0,
25,Pe?ablanca,PH0201519,3rd District,Cagayan,PH02015,Region II (Cagayan Valley),PH02,Philippines (the),PH,09/11/2022,06/11/2023,,Penablanca,,1.449856884,0.096990677,1138.858156,2646.2,5.744222054,15200.3604,31529,5.45566304,172011.6,50603,,,,,,,11852.7,2329.2,5.08874291602267,34616.9,200532.1,5.79289595544373,27.7,10.2,9.4,1.096997691,0.461893764,1.674364896,0.144341801,,3.64,,2.411,,,0,,,,,,,,,,,0.97 ,0.20 ,0.80 ,0.87 ,1.00 ,,0.02 ,0.01 ,,0.37 ,0.55 ,0.40 ,0.45 ,0.31 ,,0.84,
26,Piat,PH0201520,2nd District,Cagayan,PH02015,Region II (Cagayan Valley),PH02,Philippines (the),PH,09/11/2022,06/11/2023,,,,0.579777869,0.011249829,132.0298001,4491.08,5.306414159,23831.5305,5445,4.178604224,22752.5,24577,,,,,,,17779.01,3470.79,5.12246779551629,4929,27120,5.50213024954352,12.9,9.9,9,4.705882353,3.161764706,3.676470588,1.323529412,,4.98,,2.33,,,1,,,,,,,,,,,0.67 ,0.60 ,0.07 ,0.45 ,0.21 ,,0.00 ,0.00 ,,0.49 ,0.21 ,0.24 ,1.00 ,0.59 ,,0.64,
57,Quezon,PH0203122,5th District,Isabela,PH02031,Region II (Cagayan Valley),PH02,Philippines (the),PH,09/11/2022,06/11/2023,,,,0.639524093,0.018401367,216.5018357,2420.3,5.088687973,12316.1515,2123.3,2.687170913,5705.67,23333,,,,,,,49489,10270,4.81879259980526,1733,6737,3.88747836122331,22.7,17.4,14.6,5.071315372,2.588483888,3.53935552,0.475435816,,0.6,,0.5,,,0,,,,,,,,,,,0.58 ,0.21000000000000002,0.61 ,1.43 ,1.19 ,0.00 ,0.00 ,0.00 ,,0.62 ,0.47000000000000003,0.20 ,1.51 ,0.05 ,,0.8416,0.448718
83,Quezon,PH0205011,Nueva Vizcaya,Nueva Vizcaya,PH02050,Region II (Cagayan Valley),PH02,Philippines (the),PH,09/11/2022,06/11/2023,,,,0.613979967,0.017962567,212.2489923,2420.3,5.088687973,12316.1515,2123.3,2.687170913,5705.67,23333,,,,,,,9562.31,2177.25,4.39192100126306,2507.9,10890.3,4.34239802224969,14.8,10.8,6.7,5.071315372,2.588483888,3.53935552,0.475435816,,4.141,,1.988,,,0,,,,,,,,,,,,,,,,,,,,,,,,,,,
58,Quirino,PH0203123,5th District,Isabela,PH02031,Region II (Cagayan Valley),PH02,Philippines (the),PH,09/11/2022,06/11/2023,,,,0.652149752,0.010661079,125.5349052,7572.01,4.741785074,35904.844,4698,4.93795232,23198.5,27571,,,,,,,28604.5,6047.65,4.72985374484304,4915,17209.4,3.50140386571719,15.6,13,10.1,7.244414353,4.062288422,6.702775897,4.12999323,,4.512,,2.472,,,1,,,,,,,,,,,0.25 ,0.50 ,0.07 ,0.09 ,0.18 ,0.00 ,0.00 ,0.00 ,,0.41 ,0.55 ,0.13 ,0.46 ,,,,0.551282
59,Ramon,PH0203124,3rd District,Isabela,PH02031,Region II (Cagayan Valley),PH02,Philippines (the),PH,09/11/2022,06/11/2023,,,,0.478456385,0.010707707,126.3248228,15595.52,6.378669195,99478.663,530,4.2,2226,55988,,,,,,,93982.34,15291.76,6.14594657514897,508,2631.5,5.18011811023622,13.4,15,12.9,7.206292819,3.146409541,4.034509008,2.664298401,,4.201,,2.213,,,0,,,,,,,,,,,0.09 ,0.07 ,0.05 ,0.20 ,0.37 ,0.00 ,0.00 ,0.00 ,,0.49 ,0.97 ,0.07 ,0.06 ,,,,0.551282
60,Reina Mercedes,PH0203125,2nd District,Isabela,PH02031,Region II (Cagayan Valley),PH02,Philippines (the),PH,09/11/2022,06/11/2023,,,,0.316500046,0.004380273,51.61994899,2934,5.324435924,15621.895,5189,7.491140875,38871.53,32466,,,,,,,16385.07,2892.4,5.6648700041488,4536,26522.7,5.84715608465608,15,13.3,11.4,10.93922652,6.574585635,6.850828729,5.966850829,,4.237,,2.031,,,0,,,,,,,,,,,0.23 ,0.93 ,0.01 ,0.21 ,0.09 ,0.00 ,0.00 ,0.00 ,,0.51 ,0.88 ,0.10 ,0.59 ,,,,0.551282
27,Rizal,PH0201521,2nd District,Cagayan,PH02015,Region II (Cagayan Valley),PH02,Philippines (the),PH,09/11/2022,06/11/2023,,,,0.988913522,0.028996501,340.0470875,2420.25,4.897190786,11852.426,8495,4.48310771,38084,18661,,,,,,,8741.55,1840.5,4.74955175224124,9023,41742,4.62617754627064,32.2,20,13.4,5.322128852,3.80952381,0.616246499,1.288515406,,4.24,,2.09,,,0,,,,,,,,,,,0.54 ,0.10 ,0.33 ,0.99 ,0.88 ,,0.00 ,0.00 ,,0.23 ,0.20 ,0.12 ,0.19 ,0.00 ,,0.33,
61,Roxas,PH0203126,5th District,Isabela,PH02031,Region II (Cagayan Valley),PH02,Philippines (the),PH,09/11/2022,06/11/2023,,,,0.612337144,0.010100165,118.9511314,11262.06,5.837166149,65738.5154,4569,5.716452178,26118.47,66787,,,,,,,65155.56,11382.12,5.72437823533753,2344,8159.6,3.48105802047782,13.5,13.2,11.7,9.228944247,3.226571767,6.40569395,3.274021352,,0.68,,0.27,,,0,,,,,,,,,,,0.00 ,0.49 ,0.06 ,0.19 ,0.06 ,0.00 ,0.00 ,0.00 ,,0.57 ,0.93 ,0.23 ,0.52 ,,,,0.782051
5,Sabtang,PH0200905,Batanes,Batanes,PH02009,Region II (Cagayan Valley),PH02,Philippines (the),PH,09/11/2022,06/11/2023,,,,0.498514391,0.003544769,40.98589461,,,,,,,1606,,,,,,,0.02,0.06,0.333333333333333,0.8,1.7,2.125,21.7,6.6,5.3,7.954545455,3.409090909,7.954545455,0,,,,,,,0,,,,,,,,,,,1.00 ,1.00 ,,0.60 ,0.76 ,,1.00 ,0.00 ,,0.34 ,,,0.49 ,0.01 ,,0.6178,
92,Saguday,PH0205705,Quirino,Quirino,PH02057,Region II (Cagayan Valley),PH02,Philippines (the),PH,09/11/2022,06/11/2023,,,,0.323975979,0.004247345,50.16993116,6156.44,5.452744849,33569.4965,419.95,4.64160019,1949.24,17971,,,,,,,32383.79,6234.17,5.19456318964674,2952.9,2952.9,1,9.9,6.9,8.9,1.960784314,1.307189542,1.176470588,0,,0.5,,0.19,,,0,,,,,,,,,,,0.44 ,0.00 ,0.00 ,0.00 ,0.00 ,,,,,0.61 ,0.00 ,0.25 ,0.00 ,1.00 ,,1,
62,San Agustin,PH0203127,4th District,Isabela,PH02031,Region II (Cagayan Valley),PH02,Philippines (the),PH,09/11/2022,06/11/2023,,,,0.620468973,0.015938013,188.3389672,1957.14,3.794318751,7426.013,6918.63,5.525314087,38227.6038,24014,,,,,,,4124.25,941,4.38283740701381,7989,38730.2,4.8479409187633,12.4,11.8,11.9,7.96393689,2.479338843,3.456048084,3.456048084,,4.706,,2.909,,,1,,,,,,,,,,,0.72 ,0.22 ,0.16 ,0.66 ,0.41 ,0.00 ,0.00 ,0.00 ,,0.51 ,0.65 ,0.03 ,0.13 ,,,,0.551282
63,San Guillermo,PH0203128,6th District,Isabela,PH02031,Region II (Cagayan Valley),PH02,Philippines (the),PH,09/11/2022,06/11/2023,,,,1.028710757,0.032750368,386.5981441,3445.61,4.374698239,15073.504,10115.16,3.796114881,38398.3094,22638,,,,,,,11963.01,2728.27,4.38483361250903,9959.9,24225.1,2.43226337613831,27.2,22.1,19,5.293367347,2.295918367,0.382653061,0.510204082,,3.891,,1.828,,,0,,,,,,,,,,,0.50 ,0.00 ,0.24 ,0.98 ,0.89 ,0.00 ,0.00 ,0.00 ,,0.32 ,0.30 ,0.13 ,0.37 ,,,,0.551282
64,San Isidro,PH0203129,6th District,Isabela,PH02031,Region II (Cagayan Valley),PH02,Philippines (the),PH,09/11/2022,06/11/2023,,,,0.34490362,0.00545785,64.40483571,8724.45,5.757760306,50233.2919,316.9,6.035121489,1912.53,27707,,,,,,,54096.61,8996.65,6.01297260647019,225,1148.4,5.104,12,13.5,12,20.06102212,12.2044241,9.992372235,8.771929825,,4.048,,2.285,,,1,,,,,,,,,,,0.22 ,0.15 ,0.03 ,0.05 ,0.29 ,0.00 ,0.00 ,0.00 ,,0.51 ,0.88 ,0.04 ,0.18 ,,,,0.551282
65,San Manuel,PH0203130,5th District,Isabela,PH02031,Region II (Cagayan Valley),PH02,Philippines (the),PH,09/11/2022,06/11/2023,,,,0.457532516,0.008828667,104.0247154,14044,5.481139504,76977.1232,886.3,4.01872955,3561.8,33442,,,,,,,70916.39,14044.59,5.04937417183414,30,150,5,13.7,14.8,11.6,10.80594327,5.673120216,5.177847816,4.277352544,,0.61,,0.17,,,0,,,,,,,,,,,0.06 ,0.57 ,0.03 ,0.15 ,0.08 ,0.00 ,0.00 ,0.00 ,,0.92 ,0.97 ,0.01 ,0.68 ,,,,0.666667
66,San Mariano,PH0203131,2nd District,Isabela,PH02031,Region II (Cagayan Valley),PH02,Philippines (the),PH,09/11/2022,06/11/2023,,,,1.752891436,0.118501353,1397.200485,6484.82,3.92813984,25473.2798,20110,4.9847091,100242.5,60356,,,,,,,26456.7,6014.41,4.39888534369955,19607,71059.2,3.6241750395267,23.1,25,18.4,5.659229209,3.914807302,2.61663286,2.170385396,,4.15,,2,,,0,,,,,,,,,,,0.58 ,0.07 ,1.00 ,0.73 ,0.89 ,0.00 ,0.00 ,0.00 ,,0.27 ,0.85 ,0.10 ,0.15 ,,,,0.551282
67,San Mateo,PH0203132,3rd District,Isabela,PH02031,Region II (Cagayan Valley),PH02,Philippines (the),PH,09/11/2022,06/11/2023,,,,0.477589262,0.009361887,110.3987193,16662.52,6.571438,109496.7171,1281,6.127637383,7849.503488,68809,,,,,,,110591.8,17311.21,6.38845002746775,1307,7163.8,5.48110175975516,10.7,11.6,10.5,5.456852792,2.005076142,3.984771574,0.862944162,,4.52,,3.892,,,0,,,,,,,,,,,0.08 ,0.20 ,0.07 ,0.01 ,0.27 ,0.00 ,0.00 ,0.00 ,,0.62 ,1.00 ,0.25 ,0.72 ,,,,0.551282
68,San Pablo,PH0203133,1st District,Isabela,PH02031,Region II (Cagayan Valley),PH02,Philippines (the),PH,09/11/2022,06/11/2023,,,,0.898694702,0.038313985,450.3881606,1701.9,5.45706857,9287.385,7691,4.645540242,35728.85,30634,,,,,,,4151.5,834,4.97781774580336,7692,37183.3,4.83402236089444,18.8,19.5,19.1,5.131894484,3.309352518,3.501199041,0.335731415,,4.673,,2.456,,,0,,,,,,,,,,,0.76 ,0.12 ,0.15 ,0.60 ,0.75 ,0.00 ,0.00 ,0.00 ,,0.38 ,0.68 ,0.07 ,0.23 ,,,,0.551282
28,Sanchez Mira,PH0201522,2nd District,Cagayan,PH02015,Region II (Cagayan Valley),PH02,Philippines (the),PH,09/11/2022,06/11/2023,,,,0.556384805,0.011835305,138.3091956,5252.25,5.538767195,29090.99,0,,0,26472,9547.63,903.88,,9428.49,10451.51,198.99,24355.47,4590.9,5.30516238646017,,,,8.3,8.1,5.9,11.0138585,4.668125456,4.668125456,1.167031364,,3.55,,0,,,0,,,,,,,,,,,0.19 ,0.40 ,0.14 ,0.56 ,0.42 ,,0.12 ,0.17 ,,0.44 ,0.11 ,0.35 ,0.45 ,0.79 ,,0.76,
29,Santa Ana,PH0201523,1st District,Cagayan,PH02015,Region II (Cagayan Valley),PH02,Philippines (the),PH,09/11/2022,06/11/2023,,,,1.836214213,0.037174035,434.7801934,8598.07,5.266669706,45283.1948,8593.65,4.081823125,35077.7593,36623,1551.93,510.49,,42067.58,2062.42,23.99,31463.34,5992.32,5.25061078180071,,,,13.9,13.2,8.7,3.154205607,2.881619938,2.180685358,0.700934579,,2.479,,0.767,,,0,,,,,,,,,,,0.89 ,0.00 ,0.49 ,0.60 ,0.94 ,,0.29 ,0.23 ,,0.19 ,0.42 ,0.34 ,0.00 ,0.41 ,,0.51,
84,Santa Fe,PH0205012,Nueva Vizcaya,Nueva Vizcaya,PH02050,Region II (Cagayan Valley),PH02,Philippines (the),PH,09/11/2022,06/11/2023,,,,0.807359732,0.020883578,247.1285049,1606,4.205143213,6753.46,0,,0,18814,,,,,,,6222.4,1486.64,4.18554592907496,27.2,57.1,2.09926470588235,17.7,16.2,9.6,2.465078061,0.082169269,1.396877568,0,,3.349,,0,,,0,,,,,,,,,,,0.28 ,0.03 ,0.06 ,0.99 ,0.98 ,,,,,,0.19 ,0.14 ,0.71 ,,,,
69,Santa Maria,PH0203134,1st District,Isabela,PH02031,Region II (Cagayan Valley),PH02,Philippines (the),PH,09/11/2022,06/11/2023,,,,0.507235565,0.010119592,118.9607655,3685,4.512657752,16629.14382,4728,3.812084951,18023.53765,28839,,,,,,,18970.26,3960,4.7904696969697,4798.5,22443.8,4.67725330832552,21.8,18.4,22.2,8.683068017,6.84997588,5.933429812,4.052098408,,4.36,,1.92,,,0,,,,,,,,,,,0.43 ,0.33 ,0.04 ,0.53 ,0.29 ,0.00 ,0.00 ,0.00 ,,0.27 ,0.70 ,0.10 ,0.33 ,,,,0.551282
30,Santa Praxedes,PH0201524,2nd District,Cagayan,PH02015,Region II (Cagayan Valley),PH02,Philippines (the),PH,09/11/2022,06/11/2023,,,,0.510742917,0.00738202,86.27006175,765.57,5.339136199,4087.4825,68.8,4,275.2,5004,,,,,,,3153.45,737.27,4.27719831269413,,,,12.2,7.9,5.7,9.813084112,3.738317757,4.672897196,1.401869159,,3.4,,0,,,0,,,,,,,,,,,0.00 ,0.20 ,0.01 ,0.93 ,0.99 ,,0.00 ,0.00 ,,0.35 ,0.00 ,0.11 ,0.25 ,0.60 ,,0.51,
31,Santa Teresita,PH0201525,1st District,Cagayan,PH02015,Region II (Cagayan Valley),PH02,Philippines (the),PH,09/11/2022,06/11/2023,,,,0.475207827,0.010896612,127.5722781,4957.95,5.207073871,25816.4119,,,,21223,706.06,153.94,,15838.01,860,17.35,24248.19,4776.87,5.07616702987521,2863.7,13750,4.80148060201837,11.8,9.7,7,,,,,,3.435,,1.49,,,0,,,,,,,,,,,0.73 ,0.40 ,0.11 ,0.38 ,0.39 ,,0.13 ,0.12 ,,0.42 ,0.45 ,0.27 ,0.35 ,0.32 ,,0.81,
32,Santo Ni?o (Faire),PH0201526,2nd District,Cagayan,PH02015,Region II (Cagayan Valley),PH02,Philippines (the),PH,09/11/2022,06/11/2023,,Santo Nino (Faire),Faire,0.843143591,0.030805418,361.2616017,6292.768,5.201957136,32734.7094,2107.8774,4.795734785,10108.82097,28868,,,,,,,29482.3,6244.35,4.72143617830519,5948,26543.2,4.46254203093477,16.7,15.5,11,8.898305085,4.025423729,3.019067797,0.476694915,,5.23,,2.93,,,0,,,,,,,,,,,0.72 ,0.40 ,0.44 ,0.72 ,0.54 ,,0.00 ,0.03 ,,0.18 ,0.45 ,0.17 ,0.49 ,0.46 ,,0.7,
71,Santo Tomas,PH0203136,1st District,Isabela,PH02031,Region II (Cagayan Valley),PH02,Philippines (the),PH,09/11/2022,06/11/2023,,,,0.400843369,0.006571787,77.29593879,2139,4.413417485,9440.3,3850,3.724831169,14340.6,24528,,,,,,,24038.7,4812,4.99557356608479,4466,24184.8,5.41531571876399,22.7,17.4,18.8,7.371349096,5.146036161,4.033379694,2.086230876,,4.58,,2.078,,,0,,,,,,,,,,,0.36 ,0.50 ,0.01 ,0.18 ,0.21 ,0.00 ,0.00 ,0.00 ,,0.38 ,0.88 ,0.12 ,0.13 ,,,,0.551282
33,Solana,PH0201527,3rd District,Cagayan,PH02015,Region II (Cagayan Valley),PH02,Philippines (the),PH,09/11/2022,06/11/2023,,,,0.765400413,0.023241721,272.9317587,21101.96,5.605785908,118293.07,5455.6,4.5455147,24798.51,91452,,,,,,,104629.42,17219.19,6.07632647064119,8603,36046.9,4.19003835871208,10.7,12.2,10.3,2.640487475,0.998645904,1.43872715,0.67704807,,5.47,,2.546,,,3,,,,,,,,,,,0.71 ,0.40 ,0.25 ,0.24 ,0.36 ,,0.00 ,0.00 ,,0.47 ,1.00 ,0.45 ,0.60 ,0.41 ,,0.68,null
85,Solano,PH0205013,Nueva Vizcaya,Nueva Vizcaya,PH02050,Region II (Cagayan Valley),PH02,Philippines (the),PH,09/11/2022,06/11/2023,,,,0.504544567,0.0074928,88.50671155,9103.9,5.089000725,46329.7537,1403.2,2.421138826,3397.342,63598,,,,,,,36520.02,7146.6,5.11012509445051,1571.9,8769.6,5.57898085119919,7,6.4,3.3,2.733040508,1.293313812,1.537335286,0.927281601,,3.601,,1.915,,,0,,,,,,,,,,,0.17 ,1.00 ,0.38 ,0.00 ,0.00 ,,,,,,,0.51 ,0.93 ,0.17 ,,0.8069,
34,Tuao,PH0201528,3rd District,Cagayan,PH02015,Region II (Cagayan Valley),PH02,Philippines (the),PH,09/11/2022,06/11/2023,,,,0.638492413,0.016003265,187.9137418,14811.55,5.705161175,84502.28,7580.32,4.853839363,36793.6556,67441,,,,,,,78279.47,13956.98,5.60862521834953,7764,33944,4.37197320968573,11.8,10.7,8.8,3.935650675,2.240735421,3.906923298,2.326917552,,4.45,,1.86,,,0,,,,,,,,,,,0.56 ,0.70 ,0.03 ,0.34 ,0.17 ,,0.00 ,0.00 ,,0.54 ,0.93 ,0.35 ,0.30 ,0.41 ,,0.82,
35,Tuguegarao City (Capital),PH0201529,3rd District,Cagayan,PH02015,Region II (Cagayan Valley),PH02,Philippines (the),PH,09/11/2022,06/11/2023,,,,0.577351371,0.010181472,119.5977682,1735.83,5.05120029,8768.025,4892.96,4.020818482,19673.704,176116,,,,,,,5284.81,1191.34,4.43602162271056,5640.4,31953.6,5.66513013261471,4.2,4.9,3.2,,,,,,4.89,,2.714,,,0,,,,,,,,,,,0.76 ,1.00 ,0.07 ,0.30 ,0.26 ,,0.00 ,0.00 ,,1.00 ,0.19 ,1.00 ,0.97 ,0.34 ,,0.82,
72,Tumauini,PH0203137,1st District,Isabela,PH02031,Region II (Cagayan Valley),PH02,Philippines (the),PH,09/11/2022,06/11/2023,,,,0.973154264,0.034041931,400.5594996,8606.02,5.476898961,47134.302,13998.86,5.284384043,73975.3524,82222,,,,,,,42122.3,7857.93,5.36048297706902,16838.5,96721.3,5.74405677465332,21.2,16.8,14.8,1.930748364,1.196744854,0.861656295,0.111696186,,4.716,,2.014,,,0,,,,,,,,,,,0.67 ,0.19 ,0.17 ,0.52 ,0.51 ,0.00 ,0.00 ,0.00 ,,0.49 ,0.73 ,0.22 ,0.63 ,,,,0.782051
6,Uyugan,PH0200906,Batanes,Batanes,PH02009,Region II (Cagayan Valley),PH02,Philippines (the),PH,09/11/2022,06/11/2023,,,,0.162436288,0.000978619,11.31104016,,,,,,,1375,,,,,,,0.18,0.09,2,1,3,3,13.2,5.9,7.7,4.054054054,1.351351351,0,0,,,,,,,0,,,,,,,,,,,1.00 ,0.00 ,,0.20 ,1.00 ,,0.24 ,0.27 ,,,0.06 ,0.06 ,0.44 ,0.67 ,,0.8704,
86,Villaverde,PH0205014,Nueva Vizcaya,Nueva Vizcaya,PH02050,Region II (Cagayan Valley),PH02,Philippines (the),PH,09/11/2022,06/11/2023,,,,0.378484626,0.005742907,67.81588315,4001.34,4.865184738,19467.2583,2443.31,4.271650957,10436.9675,19333,,,,,,,17939.92,3378.41,5.31016661684047,2565.8,14815.7,5.77430041312651,12.5,7.2,6.4,0.736278447,0.133868809,0.602409639,0.133868809,,3.91,,1.85,,,0,,,,,,,,,,,0.00 ,0.33 ,0.37 ,0.44 ,0.51 ,,,,,,0.01 ,0.74 ,0.09 ,0.26 ,,0.7017,
94,,,,,,,,,,,,,,,,,,,,,,,,,,,,,,,,,,,,,,,,,,,,,,,,,,,,,,,,,,,,,,,,,,,,,,,,,,,,,
