province,municipality,soil_lab_area_ha,soil_low_fertility_area_ha,soil_medium_fertility_area_ha,soil_high_fertility_area_ha,soil_low_fertility_pct,soil_acidic_area_ha,soil_neutral_area_ha,soil_alkaline_area_ha,soil_acidic_pct,soil_alkaline_pct,soil_n_low_area_ha,soil_p_low_area_ha,soil_k_low_area_ha,soil_n_low_pct,soil_p_low_pct,soil_k_low_pct,soil_npk_multiple_low_area_ha,soil_npk_multiple_low_pct,soil_zinc_deficient_area_ha,soil_zinc_deficient_pct,soil_acidic_low_fertility_area_ha,soil_acidic_low_fertility_pct,soil_low_fertility_zinc_def_area_ha,soil_low_fertility_zinc_def_pct,soil_rice_tested_area_ha,soil_rice_low_fertility_area_ha,soil_rice_low_fertility_pct,soil_rice_acidic_area_ha,soil_rice_acidic_pct,soil_rice_npk_multiple_low_area_ha,soil_rice_npk_multiple_low_pct,soil_rice_zinc_deficient_area_ha,soil_rice_zinc_deficient_pct,soil_corn_tested_area_ha,soil_corn_low_fertility_area_ha,soil_corn_low_fertility_pct,soil_corn_acidic_area_ha,soil_corn_acidic_pct,soil_corn_npk_multiple_low_area_ha,soil_corn_npk_multiple_low_pct,soil_corn_zinc_deficient_area_ha,soil_corn_zinc_deficient_pct,soil_fertility_stress_score
Cagayan,Abulug,1998.62,1056.12,831,111.5,52.84,1032.58,950.04,16,51.66,0.8,1001.59,1582.62,246.12,50.11,79.19,12.31,1056.12,52.84,382,19.11,423.08,21.17,157.5,7.88,522.62,242.12,46.33,502.58,96.17,242.12,46.33,382,73.09,1476,814,55.15,530,35.91,814,55.15,0,0,51.96
Cagayan,Alcala,4977.5,2509.75,1649.97,817.78,50.42,1048,3295.5,634,21.05,12.74,3567,3149.5,82.75,71.66,63.27,1.66,2509.75,50.42,54,1.08,630,12.66,17,0.34,170.5,70.75,41.5,96,56.3,70.75,41.5,54,31.67,4807,2439,50.74,952,19.8,2439,50.74,0,0,45.79
Cagayan,Allacapan,801.02,232.08,539.17,29.77,28.97,658.02,143,0,82.15,0,121.87,707.33,166.48,15.21,88.3,20.78,232.08,28.97,339.27,42.35,213.08,26.6,110.18,13.75,455.02,178.08,39.14,447.02,98.24,178.08,39.14,339.27,74.56,346,54,15.61,211,60.98,54,15.61,0,0,40.8
Cagayan,Amulung,9713.72,4203.12,4147.05,1363.55,43.27,2176.4,7533.22,4.1,22.41,0.04,5266.39,6573.68,451.15,54.22,67.67,4.64,4203.12,43.27,591.92,6.09,779.71,8.03,248.09,2.55,1304.76,452.25,34.66,786.1,60.25,452.25,34.66,546.12,41.86,8408.96,3750.87,44.61,1390.3,16.53,3750.87,44.61,45.8,0.54,42.8
Cagayan,Aparri,879.34,195.76,335.28,348.3,22.26,859.59,18,1.75,97.75,0.2,32,754.89,201.06,3.64,85.85,22.86,195.76,22.26,255,29,193.01,21.95,14,1.59,830.94,195.76,23.56,811.19,97.62,195.76,23.56,255,30.69,48.4,0,0,48.4,100,0,0,0,0,37.22
Cagayan,Baggao,12779.02,6868.4,4778.92,1131.7,53.75,7458.2,3434.62,1886.2,58.36,14.76,7936.4,10676.15,146.77,62.1,83.54,1.15,6868.4,53.75,1591.7,12.46,4312,33.74,923.5,7.23,19.32,6.4,33.13,9.7,50.21,6.4,33.13,6,31.06,12759.7,6862,53.78,7448.5,58.38,6862,53.78,1585.7,12.43,55.18
Cagayan,Ballesteros,117.3,69,46.8,1.5,58.82,114.3,3,0,97.44,0,16.7,115.3,55.5,14.24,98.29,47.31,69,58.82,105.9,90.28,66,56.27,62,52.86,117.3,69,58.82,114.3,97.44,69,58.82,105.9,90.28,0,0,0,0,0,0,0,0,0,61.83
Cagayan,Buguey,1030.44,487.44,365.18,177.82,47.3,907.03,122.62,0.79,88.02,0.08,38.47,860.76,470.97,3.73,83.53,45.71,487.44,47.3,476.47,46.24,481.58,46.74,380.41,36.92,595.44,472.44,79.34,577.03,96.91,472.44,79.34,476.47,80.02,435,15,3.45,330,75.86,15,3.45,0,0,56.02
Cagayan,Calayan,6,3,2,1,50,1,5,0,16.67,0,3,6,0,50,100,0,3,50,0,0,1,16.67,0,0,2,1,50,1,50,1,50,0,0,4,2,50,0,0,2,50,0,0,30.7
Cagayan,Camalaniugan,879.32,584.39,247.24,47.69,66.46,695.64,183.68,0,79.11,0,134.9,829.47,476.07,15.34,94.33,54.14,584.39,66.46,229.06,26.05,479.71,54.55,175.8,19.99,655.52,482.39,73.59,611.84,93.34,482.39,73.59,225.26,34.36,223.8,102,45.58,83.8,37.44,102,45.58,3.8,1.7,59.16
Cagayan,Claveria,1151.33,949.07,140.77,61.49,82.43,1138.03,13.3,0,98.84,0,174.22,1049.13,870.27,15.13,91.12,75.59,949.07,82.43,754.01,65.49,944.07,82,664.9,57.75,1092.53,919.07,84.12,1092.53,100,919.07,84.12,754.01,69.02,58.8,30,51.02,45.5,77.38,30,51.02,0,0,77.76
Cagayan,Enrile,3327.84,2256.52,832.52,238.8,67.81,267.3,3031.46,29.08,8.03,0.87,2536.4,2633.36,101.72,76.22,79.13,3.06,2256.52,67.81,144.44,4.34,95.42,2.87,47.12,1.42,149.84,32.52,21.7,53.3,35.57,32.52,21.7,104.44,69.7,3178,2224,69.98,214,6.73,2224,69.98,40,1.26,54.08
Cagayan,Gattaran,7173.11,4375.06,2219.16,578.89,60.99,4288.44,2776.28,108.39,59.78,1.51,4909.97,6173.99,44.99,68.45,86.07,0.63,4375.06,60.99,1266,17.65,2562.94,35.73,710,9.9,40.41,26.99,66.79,33.68,83.35,26.99,66.79,2,4.95,7132.7,4348.07,60.96,4254.76,59.65,4348.07,60.96,1264,17.72,60.77
Cagayan,Gonzaga,2311.71,337.75,854.67,1119.29,14.61,2192.66,119.05,0,94.85,0,102.55,1509.55,308.36,4.44,65.3,13.34,337.75,14.61,26.86,1.16,328.7,14.22,14.55,0.63,567.91,311.5,54.85,564.91,99.47,311.5,54.85,19.81,3.49,1743.8,26.25,1.51,1627.75,93.34,26.25,1.51,7.05,0.4,40.49
Cagayan,Iguig,1288.07,466.72,760.52,60.83,36.23,280.67,1002.4,5,21.79,0.39,576.95,1005.78,50.03,44.79,78.08,3.88,466.72,36.23,5.5,0.43,90.99,7.06,1.5,0.12,363.67,78.32,21.54,131.57,36.18,78.32,21.54,3,0.82,924.4,388.4,42.02,149.1,16.13,388.4,42.02,2.5,0.27,31.63
Cagayan,Lallo,2671.9,653.2,1500.7,518,24.45,1503.4,1113.5,55,56.27,2.06,876.5,2193.1,114,32.8,82.08,4.27,653.2,24.45,366,13.7,286,10.7,86,3.22,87,60,68.97,84,96.55,60,68.97,25,28.74,2584.9,593.2,22.95,1419.4,54.91,593.2,22.95,341,13.19,43.06
Cagayan,Lasam,2079.25,680.5,964.65,434.1,32.73,659.75,1099.5,320,31.73,15.39,1316,1268.25,50.5,63.29,61,2.43,680.5,32.73,12,0.58,82.5,3.97,1,0.05,75.75,26.5,34.98,73.75,97.36,26.5,34.98,12,15.84,2003.5,654,32.64,586,29.25,654,32.64,0,0,35.35
Cagayan,Pamplona,837.03,415.33,319,102.7,49.62,727.03,110,0,86.86,0,276.54,800.03,163.33,33.04,95.58,19.51,415.33,49.62,261.5,31.24,315.33,37.67,118.5,14.16,198.03,166.33,83.99,197.03,99.5,166.33,83.99,7.5,3.79,639,249,38.97,530,82.94,249,38.97,254,39.75,54.18
Cagayan,Peñablanca,5237.11,2621.6,1826.9,788.61,50.06,1729.6,3256.39,251.12,33.03,4.8,3492.3,3972.7,3.9,66.68,75.86,0.07,2621.6,50.06,692,13.21,701,13.39,432,8.25,34.4,7.4,21.51,30.9,89.83,7.4,21.51,0,0,5202.71,2614.2,50.25,1698.7,32.65,2614.2,50.25,692,13.3,49.19
Cagayan,Piat,3723.13,2664.99,749.04,309.1,71.58,1205.59,2009.54,508,32.38,13.64,3146.88,2908.03,561.84,84.52,78.11,15.09,2664.99,71.58,4,0.11,854.45,22.95,4,0.11,594.07,553.71,93.21,563.53,94.86,553.71,93.21,0,0,3129.06,2111.28,67.47,642.06,20.52,2111.28,67.47,4,0.13,61.44
Cagayan,Rizal,2689.7,1353.45,868,468.25,50.32,1128.1,1360.6,201,41.94,7.47,1805.2,1909.05,11.75,67.12,70.98,0.44,1353.45,50.32,0,0,473.8,17.62,0,0,0.65,0,0,0.65,100,0,0,0,0,2689.05,1353.45,50.33,1127.45,41.93,1353.45,50.33,0,0,48.89
Cagayan,Sanchez Mira,768.64,576.91,173.34,18.39,75.06,768.64,0,0,100,0,10.87,744.36,596.44,1.41,96.84,77.6,576.91,75.06,456.85,59.44,576.91,75.06,367.12,47.76,768.64,576.91,75.06,768.64,100,576.91,75.06,456.85,59.44,0,0,0,0,0,0,0,0,0,70.66
Cagayan,Santa Ana,883.85,360.3,489.05,34.5,40.76,736.85,147,0,83.37,0,284,841.85,85.3,32.13,95.25,9.65,360.3,40.76,0,0,268.3,30.36,0,0,358.85,100.3,27.95,351.85,98.05,100.3,27.95,0,0,525,260,49.52,385,73.33,260,49.52,0,0,41.99
Cagayan,Santa Praxedes,40.5,40.5,0,0,100,40.5,0,0,100,0,3,40.5,39.5,7.41,100,97.53,40.5,100,40.5,100,40.5,100,40.5,100,40.5,40.5,100,40.5,100,40.5,100,40.5,100,0,0,0,0,0,0,0,0,0,86.23
Cagayan,Santa Teresita,1011.54,258.54,682,71,25.56,895.73,114.81,1,88.55,0.1,210,986.54,87.54,20.76,97.53,8.65,258.54,25.56,2,0.2,244.73,24.19,1,0.1,125.54,75.54,60.17,107.73,85.81,75.54,60.17,2,1.59,886,183,20.65,788,88.94,183,20.65,0,0,37.63
Cagayan,Santo Niño,3570.64,1488.07,1173.07,909.5,41.68,1132.09,2138.55,300,31.71,8.4,2537,2088.14,199.57,71.05,58.48,5.59,1488.07,41.68,961.5,26.93,409.56,11.47,370.5,10.38,407.64,215.57,52.88,339.59,83.31,215.57,52.88,1,0.25,3163,1272.5,40.23,792.5,25.06,1272.5,40.23,960.5,30.37,47.3
Cagayan,Solana,9087.8,3735.79,3725.4,1626.61,41.11,2469.81,6449.63,168.36,27.18,1.85,5694.03,5640.61,352.49,62.66,62.07,3.88,3735.79,41.11,769.67,8.47,760.88,8.37,130.46,1.44,1168.05,220.54,18.88,627.81,53.75,220.54,18.88,760.67,65.12,7919.75,3515.25,44.39,1842,23.26,3515.25,44.39,9,0.11,42.88
Cagayan,Tuao,2967.46,1715.78,672.4,579.28,57.82,1160.45,1607.51,199.5,39.11,6.72,2413.55,2008.46,28.5,81.33,67.68,0.96,1715.78,57.82,1,0.03,312.9,10.54,1,0.03,107.54,30.58,28.44,69.75,64.86,30.58,28.44,1,0.93,2859.92,1685.2,58.92,1090.7,38.14,1685.2,58.92,0,0,52.75
Cagayan,Tuguegarao City,4337.55,2796.71,1260.94,279.9,64.48,231.7,4099.85,6,5.34,0.14,3203.76,3312.99,7,73.86,76.38,0.16,2796.71,64.48,6,0.14,95,2.19,2,0.05,28.9,6,20.76,9.9,34.26,6,20.76,0,0,4308.65,2790.71,64.77,221.8,5.15,2790.71,64.77,6,0.14,51.01
Isabela,Alicia,97.66,89.76,6.4,1.5,91.91,87.66,10,0,89.76,0,85.76,92.16,71.5,87.81,94.37,73.21,89.76,91.91,0,0,81.76,83.72,0,0,97.66,89.76,91.91,87.66,89.76,89.76,91.91,0,0,0,0,0,0,0,0,0,0,0,66.38
Isabela,Angadanan,282.16,170.47,93.65,18.04,60.42,248.34,33.82,0,88.01,0,143.41,256.82,78.39,50.83,91.02,27.78,170.47,60.42,1,0.35,154.19,54.65,0,0,84,50,59.52,84,100,50,59.52,0,0,198.16,120.47,60.79,164.34,82.93,120.47,60.79,1,0.5,49.58
Isabela,Aurora,603.22,310.01,275.35,17.86,51.39,314.61,288.61,0,52.16,0,293.44,479.01,86,48.65,79.41,14.26,310.01,51.39,28.53,4.73,163.02,27.02,4.51,0.75,573.5,305.5,53.27,304.5,53.1,305.5,53.27,0,0,29.72,4.51,15.17,10.11,34.02,4.51,15.17,28.53,96,41.35
Isabela,Benito Soliven,73.5,12.5,61,0,17.01,73.5,0,0,100,0,24.5,61.5,12.5,33.33,83.67,17.01,12.5,17.01,0,0,12.5,17.01,0,0,73.5,12.5,17.01,73.5,100,12.5,17.01,0,0,0,0,0,0,0,0,0,0,0,25.94
Isabela,Burgos,9.75,4.5,5.25,0,46.15,0,9.75,0,0,0,0,8.25,4.5,0,84.62,46.15,4.5,46.15,0,0,0,0,0,0,9.75,4.5,46.15,0,0,4.5,46.15,0,0,0,0,0,0,0,0,0,0,0,25.9
Isabela,Cabagan,2741.13,738.47,800.78,1201.88,26.94,1016.23,1723.7,1.2,37.07,0.04,2071.55,1071.55,241.25,75.57,39.09,8.8,738.47,26.94,1585,57.82,324.77,11.85,201,7.33,549.38,299.52,54.52,387.18,70.48,299.52,54.52,4,0.73,2191.75,438.95,20.03,629.05,28.7,438.95,20.03,1581,72.13,45.87
Isabela,Cabatuan,148.21,63.89,70.34,13.98,43.11,112.02,36.19,0,75.58,0,58.06,136.41,59.6,39.17,92.04,40.21,63.89,43.11,63.93,43.13,56.59,38.18,6.89,4.65,148.21,63.89,43.11,112.02,75.58,63.89,43.11,63.93,43.13,0,0,0,0,0,0,0,0,0,43.1
Isabela,Cauayan City,3805.35,2053.07,1517.13,235.15,53.95,2860.61,936.37,8.37,75.17,0.22,2021.89,3414.02,230.21,53.13,89.72,6.05,2053.07,53.95,332.1,8.73,1711.7,44.98,96.37,2.53,708.7,436,61.52,302.8,42.73,436,61.52,28.3,3.99,3096.65,1617.07,52.22,2557.81,82.6,1617.07,52.22,303.8,9.81,58.22
Isabela,City of Ilagan,238.85,152.85,77,9,63.99,175.15,61.4,2.3,73.33,0.96,133.05,207.35,104.85,55.7,86.81,43.9,152.85,63.99,1,0.42,113.15,47.37,0,0,223.85,151.85,67.84,163.15,72.88,151.85,67.84,0,0,15,1,6.67,12,80,1,6.67,1,6.67,49.35
Isabela,Cordon,187,121,62,4,64.71,176,10,1,94.12,0.53,101,111,135,54.01,59.36,72.19,121,64.71,0,0,113,60.43,0,0,187,121,64.71,176,94.12,121,64.71,0,0,0,0,0,0,0,0,0,0,0,52.34
Isabela,Delfin Albano,2635.74,732.95,1363.51,539.28,27.81,702.66,1913.08,20,26.66,0.76,885.07,1532.92,184.19,33.58,58.16,6.99,732.95,27.81,0,0,221.65,8.41,0,0,2244,590.5,26.31,502,22.37,590.5,26.31,0,0,391.74,142.45,36.36,200.66,51.22,142.45,36.36,0,0,34.69
Isabela,Divilacan,101,77,23,1,76.24,77,24,0,76.24,0,37,98,55,36.63,97.03,54.46,77,76.24,0,0,55,54.46,0,0,101,77,76.24,77,76.24,77,76.24,0,0,0,0,0,0,0,0,0,0,0,55.46
Isabela,Echague,769.59,586.97,166.68,15.94,76.27,750.27,19.32,0,97.49,0,440.77,613.21,534.63,57.27,79.68,69.47,586.97,76.27,0,0,577.45,75.03,0,0,624.82,508.43,81.37,615.25,98.47,508.43,81.37,0,0,144.77,78.54,54.25,135.02,93.27,78.54,54.25,0,0,63.13
Isabela,Gamu,1329.35,693.08,530.57,105.7,52.14,882.98,427.37,19,66.42,1.43,287.48,1185.87,684.28,21.63,89.21,51.47,693.08,52.14,1275.57,95.95,472.4,35.54,669,50.33,1321.35,689.08,52.15,877.98,66.45,689.08,52.15,1275.57,96.54,8,4,50,5,62.5,4,50,0,0,60.7
Isabela,Jones,396.17,338.5,56.67,1,85.44,396.15,0.02,0,99.99,0,200.48,368.21,337.6,50.6,92.94,85.22,338.5,85.44,371.41,93.75,338.48,85.44,313.74,79.19,396.17,338.5,85.44,396.15,99.99,338.5,85.44,371.41,93.75,0,0,0,0,0,0,0,0,0,79.19
Isabela,Luna,4,3,1,0,75,2,2,0,50,0,3,3,3,75,75,75,3,75,0,0,2,50,0,0,4,3,75,2,50,3,75,0,0,0,0,0,0,0,0,0,0,0,50.02
Isabela,Mallig,507.4,168.4,262.1,76.9,33.19,158.1,285.4,63.9,31.16,12.59,77.1,441,132.6,15.2,86.91,26.13,168.4,33.19,345.2,68.03,89,17.54,69.4,13.68,495.4,162.4,32.78,149.1,30.1,162.4,32.78,345.2,69.68,12,6,50,9,75,6,50,0,0,37.62
Isabela,Naguillian,5.5,1.5,4,0,27.27,5.5,0,0,100,0,1.5,5.5,0,27.27,100,0,1.5,27.27,0,0,1.5,27.27,0,0,5.5,1.5,27.27,5.5,100,1.5,27.27,0,0,0,0,0,0,0,0,0,0,0,31.3
Isabela,Quezon,304.9,205.9,59,40,67.53,191.9,113,0,62.94,0,262,211.9,77.9,85.93,69.5,25.55,205.9,67.53,4,1.31,129.9,42.6,2,0.66,52.9,43.9,82.99,38.9,73.53,43.9,82.99,4,7.56,252,162,64.29,153,60.71,162,64.29,0,0,51.32
Isabela,Quirino,979.2,410.5,544.7,24,41.92,520,456.2,3,53.1,0.31,455.5,800.2,104,46.52,81.72,10.62,410.5,41.92,0,0,242.5,24.77,0,0,511.2,251.5,49.2,208,40.69,251.5,49.2,0,0,468,159,33.97,312,66.67,159,33.97,0,0,38.18
Isabela,Ramon,593.03,432.03,147,14,72.85,207.03,386,0,34.91,0,391.03,466.03,357.03,65.94,78.58,60.2,432.03,72.85,4,0.67,160.03,26.99,0,0,589.03,432.03,73.35,207.03,35.15,432.03,73.35,0,0,4,0,0,0,0,0,0,4,100,49.85
Isabela,Reina Mercedes,76.76,19.19,0,57.57,25,19.19,57.57,0,25,0,19.19,19.19,19.19,25,25,25,19.19,25,0,0,0,0,0,0,0,0,0,0,0,0,0,0,0,76.76,19.19,25,19.19,25,19.19,25,0,0,18.43
Isabela,Roxas,137.8,89.8,39,9,65.17,105,28.8,4,76.2,2.9,12,116.8,88.8,8.71,84.76,64.44,89.8,65.17,36,26.12,70,50.8,36,26.12,131.8,89.8,68.13,101,76.63,89.8,68.13,36,27.31,6,0,0,4,66.67,0,0,0,0,53.41
Isabela,San Agustin,83.02,75.02,8,0,90.36,71.02,12,0,85.55,0,42.02,75.02,83.02,50.61,90.36,100,75.02,90.36,0,0,63.02,75.91,0,0,83.02,75.02,90.36,71.02,85.55,75.02,90.36,0,0,0,0,0,0,0,0,0,0,0,64.76
Isabela,San Guillermo,187.75,87.25,93,7.5,46.47,105.25,82.5,0,56.06,0,87.75,178.75,16,46.74,95.21,8.52,87.25,46.47,37.5,19.97,60.25,32.09,8.5,4.53,149.25,77.75,52.09,76.25,51.09,77.75,52.09,0,0,38.5,9.5,24.68,29,75.32,9.5,24.68,37.5,97.4,39.4
Isabela,San Isidro,199.61,154.65,44.96,0,77.48,120.96,78.65,0,60.6,0,152.94,166.61,73.65,76.62,83.47,36.9,154.65,77.48,3.61,1.81,101,50.6,2.65,1.33,199.61,154.65,77.48,120.96,60.6,154.65,77.48,3.61,1.81,0,0,0,0,0,0,0,0,0,54.45
Isabela,San Manuel,268,138,127,3,51.49,252,16,0,94.03,0,111,262,69,41.42,97.76,25.75,138,51.49,0,0,129,48.13,0,0,13,9,69.23,9,69.23,9,69.23,0,0,255,129,50.59,243,95.29,129,50.59,0,0,47.16
Isabela,San Mariano,1648.49,1191.57,439.93,16.99,72.28,1511.31,137.18,0,91.68,0,1143.48,1630.95,206.15,69.37,98.94,12.51,1191.57,72.28,0,0,1094.63,66.4,0,0,121,112,92.56,104,85.95,112,92.56,0,0,1527.49,1079.57,70.68,1407.31,92.13,1079.57,70.68,0,0,66.41
Isabela,San Mateo,482.3,127.46,343.01,11.83,26.43,295.11,186.19,1,61.19,0.21,67.28,422.94,88.21,13.95,87.69,18.29,127.46,26.43,236.69,49.08,87.88,18.22,95.26,19.75,482.3,127.46,26.43,295.11,61.19,127.46,26.43,236.69,49.08,0,0,0,0,0,0,0,0,0,34.16
Isabela,San Pablo,364.9,214.9,150,0,58.89,101.8,260.1,3,27.9,0.82,238.9,337.9,37.1,65.47,92.6,10.17,214.9,58.89,1,0.27,47.8,13.1,1,0.27,34.3,34.3,100,2.8,8.16,34.3,100,1,2.92,330.6,180.6,54.63,99,29.95,180.6,54.63,0,0,43.64
Isabela,Santa Maria,234.15,100.3,62.75,71.1,42.84,142,76.15,16,60.64,6.83,142,156.55,22.8,60.64,66.86,9.74,100.3,42.84,0,0,65.5,27.97,0,0,165.15,97.3,58.92,115,69.63,97.3,58.92,0,0,69,3,4.35,27,39.13,3,4.35,0,0,36.61
Isabela,Santiago City,2621.69,2463.67,157.05,0.97,93.97,706.43,1914.9,0.36,26.95,0.01,1615.52,2371.86,2248.09,61.62,90.47,85.75,2463.67,93.97,161,6.14,643.76,24.56,128.81,4.91,2620.69,2463.67,94.01,706.43,26.96,2463.67,94.01,160,6.11,1,0,0,0,0,0,0,1,100,71.8
Isabela,Santo Tomas,427.7,143.2,218,66.5,33.48,84.75,341.95,1,19.82,0.23,146,202.7,28.2,34.14,47.39,6.59,143.2,33.48,76,17.77,38,8.88,34,7.95,354.7,96.2,27.12,59.75,16.85,96.2,27.12,25,7.05,73,47,64.38,25,34.25,47,64.38,51,69.86,29.89
Isabela,Tumauini,795.5,260.5,253.5,281.5,32.75,341,453.5,1,42.87,0.13,291.5,475,233,36.64,59.71,29.29,260.5,32.75,0,0,61.5,7.73,0,0,738,241.5,32.72,336.5,45.6,241.5,32.72,0,0,57.5,19,33.04,4.5,7.83,19,33.04,0,0,29.68
Nueva Vizcaya,Ambaguio,2,0,2,0,0,2,0,0,100,0,0,1,1,0,50,50,0,0,0,0,0,0,0,0,2,0,0,2,100,0,0,0,0,0,0,0,0,0,0,0,0,0,16.01
Nueva Vizcaya,Aritao,334,92,236,6,27.54,261,73,0,78.14,0,124,186,43,37.13,55.69,12.87,92,27.54,332,99.4,68,20.36,91,27.25,334,92,27.54,261,78.14,92,27.54,332,99.4,0,0,0,0,0,0,0,0,0,43.71
Nueva Vizcaya,Bagabag,1295,682.58,508.17,104.25,52.71,494.85,303.15,497,38.21,38.38,625.95,1114.6,145.38,48.34,86.07,11.23,682.58,52.71,1100.6,84.99,170.95,13.2,605.13,46.73,525.9,139.13,26.46,365.1,69.42,139.13,26.46,485.45,92.31,769.1,543.45,70.66,129.75,16.87,543.45,70.66,615.15,79.98,56.58
Nueva Vizcaya,Bambang,651.76,364.01,167.22,120.53,55.85,180.7,455.63,15.43,27.72,2.37,412.89,505.38,2.29,63.35,77.54,0.35,364.01,55.85,94.76,14.54,113,17.34,44.01,6.75,14.68,3.93,26.77,4.7,32.02,3.93,26.77,14.68,100,637.08,360.08,56.52,176,27.63,360.08,56.52,80.08,12.57,41.46
Nueva Vizcaya,Bayombong,654.79,227.53,285.2,142.06,34.75,243.33,234.97,176.49,37.16,26.95,176.95,513.08,59.18,27.02,78.36,9.04,227.53,34.75,211.33,32.27,48.33,7.38,113.88,17.39,395.39,95.73,24.21,178.33,45.1,95.73,24.21,98.83,25,259.4,131.8,50.81,65,25.06,131.8,50.81,112.5,43.37,35.2
Nueva Vizcaya,Diadi,1607.84,402.84,1059,146,25.05,897.7,707.14,3,55.83,0.19,401,1503.84,68.84,24.94,93.53,4.28,402.84,25.05,10,0.62,223.7,13.91,0,0,2.84,2.84,100,0.7,24.65,2.84,100,0,0,1605,400,24.92,897,55.89,400,24.92,10,0.62,39.55
Nueva Vizcaya,Dupax del Norte,112.42,103.84,8.58,0,92.37,50.82,61.6,0,45.21,0,86.2,110.82,28.34,76.68,98.58,25.21,103.84,92.37,73,64.94,43.84,39,71.5,63.6,27.52,26.52,96.37,27.52,100,26.52,96.37,0,0,84.9,77.32,91.07,23.3,27.44,77.32,91.07,73,85.98,69.08
Nueva Vizcaya,Dupax Del Sur,152.95,79.71,69.84,3.4,52.12,140.4,12.55,0,91.79,0,27.03,150.44,72.17,17.67,98.36,47.19,79.71,52.12,97.69,63.87,71.49,46.74,52.86,34.56,149.62,78.71,52.61,138.07,92.28,78.71,52.61,97.69,65.29,3.33,1,30.03,2.33,69.97,1,30.03,0,0,53.72
Nueva Vizcaya,Kasibu,112,23,18,71,20.54,81,31,0,72.32,0,55,50,0,49.11,44.64,0,23,20.54,40,35.71,23,20.54,20,17.86,0,0,0,0,0,0,0,0,0,112,23,20.54,81,72.32,23,20.54,40,35.71,28.7
Nueva Vizcaya,Kayapa,21.23,5.04,11.41,4.78,23.74,2.6,17.73,0.9,12.25,4.24,0,13.21,5.8,0,62.22,27.32,5.04,23.74,17.11,80.59,1,4.71,4.04,19.03,21.01,5.04,23.99,2.6,12.38,5.04,23.99,17.11,81.44,0.22,0,0,0,0,0,0,0,0,26.68
Nueva Vizcaya,Quezon,836,253.2,336,246.8,30.29,524.5,309.5,2,62.74,0.24,366,625.2,44,43.78,74.78,5.26,253.2,30.29,267.2,31.96,158.5,18.96,133.2,15.93,40,31,77.5,40,100,31,77.5,40,100,796,222.2,27.91,484.5,60.87,222.2,27.91,227.2,28.54,40.88
Nueva Vizcaya,Solano,968.31,365.24,440.49,162.58,37.72,492.37,428.09,47.85,50.85,4.94,196.73,838.69,241.42,20.32,86.61,24.93,365.24,37.72,761.75,78.67,159.39,16.46,329.56,34.03,634.12,227.24,35.84,484.08,76.34,227.24,35.84,599.77,94.58,334.19,138,41.29,8.29,2.48,138,41.29,161.98,48.47,46.05
Nueva Vizcaya,Sta. Fe,14,11,2,1,78.57,12,2,0,85.71,0,5,13,8,35.71,92.86,57.14,11,78.57,0,0,10,71.43,0,0,13,10,76.92,12,92.31,10,76.92,0,0,1,1,100,0,0,1,100,0,0,59.94
Nueva Vizcaya,Villaverde,875.5,237.61,447.71,190.18,27.14,150.33,546.34,178.83,17.17,20.43,260.57,679.37,79.37,29.76,77.6,9.07,237.61,27.14,451.27,51.54,49.06,5.6,154.96,17.7,298.45,66.56,22.3,92.83,31.1,66.56,22.3,285.27,95.58,577.05,171.05,29.64,57.5,9.96,171.05,29.64,166,28.77,30.31
Quirino,Aglipay,3785.56,1575.34,2049.92,160.3,41.61,3085.84,657.72,42,81.52,1.11,1532.96,3650.19,132.01,40.49,96.42,3.49,1575.34,41.61,370.38,9.78,1438.52,38,179.77,4.75,349.88,169.27,48.38,278.28,79.54,169.27,48.38,343.88,98.29,3435.68,1406.07,40.93,2807.56,81.72,1406.07,40.93,26.5,0.77,52.39
Quirino,Cabarroguis,1076.27,602.74,425.53,48,56,863.96,212.31,0,80.27,0,573.85,1015.27,101.24,53.32,94.33,9.41,602.74,56,64.27,5.97,437.83,40.68,50.54,4.7,78.27,61.74,78.88,40.96,52.33,61.74,78.88,64.27,82.11,998,541,54.21,823,82.46,541,54.21,0,0,53.36
Quirino,Diffun,2124.52,741.9,1088.2,294.42,34.92,1436.72,674.7,13.1,67.63,0.62,786.45,1755.88,214.09,37.02,82.65,10.08,741.9,34.92,500.27,23.55,520.4,24.49,185.15,8.71,520.52,202.9,38.98,440.72,84.67,202.9,38.98,475.27,91.31,1604,539,33.6,996,62.09,539,33.6,25,1.56,45.98
Quirino,Maddela,4942.16,1021.56,2468.32,1452.28,20.67,3837.64,1083.02,21.5,77.65,0.44,1626.17,3449.74,245.06,32.9,69.8,4.96,1021.56,20.67,227.43,4.6,772.25,15.63,46.28,0.94,424.16,145.56,34.32,271.64,64.04,145.56,34.32,208.43,49.14,4518,876,19.39,3566,78.93,876,19.39,19,0.42,40.01
Quirino,Nagtipunan,5159.42,797.44,1623.11,2738.87,15.46,3383.48,1622.94,153,65.58,2.97,2602.16,1870.1,131.07,50.44,36.25,2.54,797.44,15.46,69.97,1.36,514.44,9.97,5.63,0.11,144.42,58.44,40.47,110.48,76.5,58.44,40.47,19.97,13.83,5015,739,14.74,3273,65.26,739,14.74,50,1,35.84
Quirino,Saguday,239.17,80.46,158.71,0,33.64,193.48,45.69,0,80.9,0,69.07,239.17,17.8,28.88,100,7.44,80.46,33.64,236.6,98.93,73.15,30.58,79.57,33.27,239.17,80.46,33.64,193.48,80.9,80.46,33.64,236.6,98.93,0,0,0,0,0,0,0,0,0,46.97
